video_id,filename,source_type,category,path,dataset_root,absolute_path,format,file_size_bytes,duration_seconds,fps,width,height,frame_count,metadata_ok,metadata_error
anomaly/Abuse/Abuse001_x264.mp4,Abuse001_x264.mp4,anomaly,Abuse,Abuse/Abuse001_x264.mp4,/content/drive/MyDrive/Anomaly-Videos-Part-1/Anomaly-Videos-Part-1,,mp4,21494969,90.967,30.0,320,240,2729,True,
anomaly/Abuse/Abuse002_x264.mp4,Abuse002_x264.mp4,anomaly,Abuse,Abuse/Abuse002_x264.mp4,/content/drive/MyDrive/Anomaly-Videos-Part-1/Anomaly-Videos-Part-1,,mp4,7253682,28.833,30.0,320,240,865,True,
anomaly/Abuse/Abuse003_x264.mp4,Abuse003_x264.mp4,anomaly,Abuse,Abuse/Abuse003_x264.mp4,/content/drive/MyDrive/Anomaly-Videos-Part-1/Anomaly-Videos-Part-1,,mp4,25939775,123.3,30.0,320,240,3699,True,
anomaly/Abuse/Abuse004_x264.mp4,Abuse004_x264.mp4,anomaly,Abuse,Abuse/Abuse004_x264.mp4,/content/drive/MyDrive/Anomaly-Videos-Part-1/Anomaly-Videos-Part-1,,mp4,64025784,559.8,30.0,318,240,16794,True,
anomaly/Abuse/Abuse005_x264.mp4,Abuse005_x264.mp4,anomaly,Abuse,Abuse/Abuse005_x264.mp4,/content/drive/MyDrive/Anomaly-Videos-Part-1/Anomaly-Videos-Part-1,,mp4,6250495,31.633,30.0,318,240,949,True,
anomaly/Abuse/Abuse006_x264.mp4,Abuse006_x264.mp4,anomaly,Abuse,Abuse/Abuse006_x264.mp4,/content/drive/MyDrive/Anomaly-Videos-Part-1/Anomaly-Videos-Part-1,,mp4,36586782,146.0,30.0,319,240,4380,True,
anomaly/Abuse/Abuse007_x264.mp4,Abuse007_x264.mp4,anomaly,Abuse,Abuse/Abuse007_x264.mp4,/content/drive/MyDrive/Anomaly-Videos-Part-1/Anomaly-Videos-Part-1,,mp4,8464924,38.333,30.0,320,240,1150,True,
anomaly/Abuse/Abuse008_x264.mp4,Abuse008_x264.mp4,anomaly,Abuse,Abuse/Abuse008_x264.mp4,/content/drive/MyDrive/Anomaly-Videos-Part-1/Anomaly-Videos-Part-1,,mp4,36024957,280.2,30.0,320,240,8406,True,
anomaly/Abuse/Abuse009_x264.mp4,Abuse009_x264.mp4,anomaly,Abuse,Abuse/Abuse009_x264.mp4,/content/drive/MyDrive/Anomaly-Videos-Part-1/Anomaly-Videos-Part-1,,mp4,8750168,33.367,30.0,320,240,1001,True,
anomaly/Abuse/Abuse010_x264.mp4,Abuse010_x264.mp4,anomaly,Abuse,Abuse/Abuse010_x264.mp4,/content/drive/MyDrive/Anomaly-Videos-Part-1/Anomaly-Videos-Part-1,,mp4,10078329,37.767,30.0,320,240,1133,True,
anomaly/Abuse/Abuse011_x264.mp4,Abuse011_x264.mp4,anomaly,Abuse,Abuse/Abuse011_x264.mp4,/content/drive/MyDrive/Anomaly-Videos-Part-1/Anomaly-Videos-Part-1,,mp4,15197900,121.533,30.0,320,240,3646,True,
anomaly/Abuse/Abuse012_x264.mp4,Abuse012_x264.mp4,anomaly,Abuse,Abuse/Abuse012_x264.mp4,/content/drive/MyDrive/Anomaly-Videos-Part-1/Anomaly-Videos-Part-1,,mp4,30437863,171.0,30.0,319,240,5130,True,
anomaly/Abuse/Abuse013_x264.mp4,Abuse013_x264.mp4,anomaly,Abuse,Abuse/Abuse013_x264.mp4,/content/drive/MyDrive/Anomaly-Videos-Part-1/Anomaly-Videos-Part-1,,mp4,39051428,162.3,30.0,320,240,4869,True,
anomaly/Abuse/Abuse014_x264.mp4,Abuse014_x264.mp4,anomaly,Abuse,Abuse/Abuse014_x264.mp4,/content/drive/MyDrive/Anomaly-Videos-Part-1/Anomaly-Videos-Part-1,,mp4,6987750,86.333,30.0,320,240,2590,True,
anomaly/Abuse/Abuse015_x264.mp4,Abuse015_x264.mp4,anomaly,Abuse,Abuse/Abuse015_x264.mp4,/content/drive/MyDrive/Anomaly-Videos-Part-1/Anomaly-Videos-Part-1,,mp4,20204035,262.5,30.0,320,240,7875,True,
anomaly/Abuse/Abuse016_x264.mp4,Abuse016_x264.mp4,anomaly,Abuse,Abuse/Abuse016_x264.mp4,/content/drive/MyDrive/Anomaly-Videos-Part-1/Anomaly-Videos-Part-1,,mp4,9290914,46.9,30.0,320,240,1407,True,
anomaly/Abuse/Abuse017_x264.mp4,Abuse017_x264.mp4,anomaly,Abuse,Abuse/Abuse017_x264.mp4,/content/drive/MyDrive/Anomaly-Videos-Part-1/Anomaly-Videos-Part-1,,mp4,11851134,64.0,30.0,319,240,1920,True,
anomaly/Abuse/Abuse018_x264.mp4,Abuse018_x264.mp4,anomaly,Abuse,Abuse/Abuse018_x264.mp4,/content/drive/MyDrive/Anomaly-Videos-Part-1/Anomaly-Videos-Part-1,,mp4,7253522,80.933,30.0,320,240,2428,True,
anomaly/Abuse/Abuse019_x264.mp4,Abuse019_x264.mp4,anomaly,Abuse,Abuse/Abuse019_x264.mp4,/content/drive/MyDrive/Anomaly-Videos-Part-1/Anomaly-Videos-Part-1,,mp4,26574637,131.433,30.0,320,240,3943,True,
anomaly/Abuse/Abuse020_x264.mp4,Abuse020_x264.mp4,anomaly,Abuse,Abuse/Abuse020_x264.mp4,/content/drive/MyDrive/Anomaly-Videos-Part-1/Anomaly-Videos-Part-1,,mp4,22362007,103.467,30.0,320,240,3104,True,
anomaly/Abuse/Abuse021_x264.mp4,Abuse021_x264.mp4,anomaly,Abuse,Abuse/Abuse021_x264.mp4,/content/drive/MyDrive/Anomaly-Videos-Part-1/Anomaly-Videos-Part-1,,mp4,6298482,63.767,30.0,320,240,1913,True,
anomaly/Abuse/Abuse022_x264.mp4,Abuse022_x264.mp4,anomaly,Abuse,Abuse/Abuse022_x264.mp4,/content/drive/MyDrive/Anomaly-Videos-Part-1/Anomaly-Videos-Part-1,,mp4,19462399,94.4,30.0,320,240,2832,True,
anomaly/Abuse/Abuse023_x264.mp4,Abuse023_x264.mp4,anomaly,Abuse,Abuse/Abuse023_x264.mp4,/content/drive/MyDrive/Anomaly-Videos-Part-1/Anomaly-Videos-Part-1,,mp4,6819565,33.067,30.0,320,240,992,True,
anomaly/Abuse/Abuse024_x264.mp4,Abuse024_x264.mp4,anomaly,Abuse,Abuse/Abuse024_x264.mp4,/content/drive/MyDrive/Anomaly-Videos-Part-1/Anomaly-Videos-Part-1,,mp4,8725688,34.033,30.0,320,240,1021,True,
anomaly/Abuse/Abuse025_x264.mp4,Abuse025_x264.mp4,anomaly,Abuse,Abuse/Abuse025_x264.mp4,/content/drive/MyDrive/Anomaly-Videos-Part-1/Anomaly-Videos-Part-1,,mp4,16802570,67.7,30.0,320,240,2031,True,
anomaly/Abuse/Abuse026_x264.mp4,Abuse026_x264.mp4,anomaly,Abuse,Abuse/Abuse026_x264.mp4,/content/drive/MyDrive/Anomaly-Videos-Part-1/Anomaly-Videos-Part-1,,mp4,16964153,66.2,30.0,319,240,1986,True,
anomaly/Abuse/Abuse027_x264.mp4,Abuse027_x264.mp4,anomaly,Abuse,Abuse/Abuse027_x264.mp4,/content/drive/MyDrive/Anomaly-Videos-Part-1/Anomaly-Videos-Part-1,,mp4,28121676,145.733,30.0,320,240,4372,True,
anomaly/Abuse/Abuse028_x264.mp4,Abuse028_x264.mp4,anomaly,Abuse,Abuse/Abuse028_x264.mp4,/content/drive/MyDrive/Anomaly-Videos-Part-1/Anomaly-Videos-Part-1,,mp4,8899758,47.067,30.0,320,240,1412,True,
anomaly/Abuse/Abuse029_x264.mp4,Abuse029_x264.mp4,anomaly,Abuse,Abuse/Abuse029_x264.mp4,/content/drive/MyDrive/Anomaly-Videos-Part-1/Anomaly-Videos-Part-1,,mp4,1605302,10.0,30.0,320,240,300,True,
anomaly/Abuse/Abuse030_x264.mp4,Abuse030_x264.mp4,anomaly,Abuse,Abuse/Abuse030_x264.mp4,/content/drive/MyDrive/Anomaly-Videos-Part-1/Anomaly-Videos-Part-1,,mp4,13147762,51.467,30.0,320,240,1544,True,
anomaly/Abuse/Abuse031_x264.mp4,Abuse031_x264.mp4,anomaly,Abuse,Abuse/Abuse031_x264.mp4,/content/drive/MyDrive/Anomaly-Videos-Part-1/Anomaly-Videos-Part-1,,mp4,24786085,148.067,30.0,320,240,4442,True,
anomaly/Abuse/Abuse032_x264.mp4,Abuse032_x264.mp4,anomaly,Abuse,Abuse/Abuse032_x264.mp4,/content/drive/MyDrive/Anomaly-Videos-Part-1/Anomaly-Videos-Part-1,,mp4,20420144,158.333,30.0,320,240,4750,True,
anomaly/Abuse/Abuse033_x264.mp4,Abuse033_x264.mp4,anomaly,Abuse,Abuse/Abuse033_x264.mp4,/content/drive/MyDrive/Anomaly-Videos-Part-1/Anomaly-Videos-Part-1,,mp4,22913127,94.367,30.0,320,240,2831,True,
anomaly/Abuse/Abuse034_x264.mp4,Abuse034_x264.mp4,anomaly,Abuse,Abuse/Abuse034_x264.mp4,/content/drive/MyDrive/Anomaly-Videos-Part-1/Anomaly-Videos-Part-1,,mp4,13240893,52.1,30.0,320,240,1563,True,
anomaly/Abuse/Abuse035_x264.mp4,Abuse035_x264.mp4,anomaly,Abuse,Abuse/Abuse035_x264.mp4,/content/drive/MyDrive/Anomaly-Videos-Part-1/Anomaly-Videos-Part-1,,mp4,23718636,88.367,30.0,320,240,2651,True,
anomaly/Abuse/Abuse036_x264.mp4,Abuse036_x264.mp4,anomaly,Abuse,Abuse/Abuse036_x264.mp4,/content/drive/MyDrive/Anomaly-Videos-Part-1/Anomaly-Videos-Part-1,,mp4,40961654,156.767,30.0,320,240,4703,True,
anomaly/Abuse/Abuse037_x264.mp4,Abuse037_x264.mp4,anomaly,Abuse,Abuse/Abuse037_x264.mp4,/content/drive/MyDrive/Anomaly-Videos-Part-1/Anomaly-Videos-Part-1,,mp4,8861107,59.833,30.0,320,240,1795,True,
anomaly/Abuse/Abuse038_x264.mp4,Abuse038_x264.mp4,anomaly,Abuse,Abuse/Abuse038_x264.mp4,/content/drive/MyDrive/Anomaly-Videos-Part-1/Anomaly-Videos-Part-1,,mp4,7979033,29.7,30.0,320,240,891,True,
anomaly/Abuse/Abuse039_x264.mp4,Abuse039_x264.mp4,anomaly,Abuse,Abuse/Abuse039_x264.mp4,/content/drive/MyDrive/Anomaly-Videos-Part-1/Anomaly-Videos-Part-1,,mp4,99166430,471.467,30.0,320,240,14144,True,
anomaly/Abuse/Abuse040_x264.mp4,Abuse040_x264.mp4,anomaly,Abuse,Abuse/Abuse040_x264.mp4,/content/drive/MyDrive/Anomaly-Videos-Part-1/Anomaly-Videos-Part-1,,mp4,16126433,113.767,30.0,320,240,3413,True,
anomaly/Abuse/Abuse041_x264.mp4,Abuse041_x264.mp4,anomaly,Abuse,Abuse/Abuse041_x264.mp4,/content/drive/MyDrive/Anomaly-Videos-Part-1/Anomaly-Videos-Part-1,,mp4,11570925,46.167,30.0,320,240,1385,True,
anomaly/Abuse/Abuse042_x264.mp4,Abuse042_x264.mp4,anomaly,Abuse,Abuse/Abuse042_x264.mp4,/content/drive/MyDrive/Anomaly-Videos-Part-1/Anomaly-Videos-Part-1,,mp4,214723655,949.2,30.0,320,240,28476,True,
anomaly/Abuse/Abuse043_x264.mp4,Abuse043_x264.mp4,anomaly,Abuse,Abuse/Abuse043_x264.mp4,/content/drive/MyDrive/Anomaly-Videos-Part-1/Anomaly-Videos-Part-1,,mp4,33756700,129.0,30.0,320,240,3870,True,
anomaly/Abuse/Abuse044_x264.mp4,Abuse044_x264.mp4,anomaly,Abuse,Abuse/Abuse044_x264.mp4,/content/drive/MyDrive/Anomaly-Videos-Part-1/Anomaly-Videos-Part-1,,mp4,32737452,131.333,30.0,319,240,3940,True,
anomaly/Abuse/Abuse045_x264.mp4,Abuse045_x264.mp4,anomaly,Abuse,Abuse/Abuse045_x264.mp4,/content/drive/MyDrive/Anomaly-Videos-Part-1/Anomaly-Videos-Part-1,,mp4,21650729,169.5,30.0,320,240,5085,True,
anomaly/Abuse/Abuse046_x264.mp4,Abuse046_x264.mp4,anomaly,Abuse,Abuse/Abuse046_x264.mp4,/content/drive/MyDrive/Anomaly-Videos-Part-1/Anomaly-Videos-Part-1,,mp4,10165052,38.633,30.0,320,240,1159,True,
anomaly/Abuse/Abuse047_x264.mp4,Abuse047_x264.mp4,anomaly,Abuse,Abuse/Abuse047_x264.mp4,/content/drive/MyDrive/Anomaly-Videos-Part-1/Anomaly-Videos-Part-1,,mp4,8990328,52.1,30.0,320,240,1563,True,
anomaly/Abuse/Abuse048_x264.mp4,Abuse048_x264.mp4,anomaly,Abuse,Abuse/Abuse048_x264.mp4,/content/drive/MyDrive/Anomaly-Videos-Part-1/Anomaly-Videos-Part-1,,mp4,25599941,113.867,30.0,320,240,3416,True,
anomaly/Abuse/Abuse049_x264.mp4,Abuse049_x264.mp4,anomaly,Abuse,Abuse/Abuse049_x264.mp4,/content/drive/MyDrive/Anomaly-Videos-Part-1/Anomaly-Videos-Part-1,,mp4,17034376,71.233,30.0,318,240,2137,True,
anomaly/Abuse/Abuse050_x264.mp4,Abuse050_x264.mp4,anomaly,Abuse,Abuse/Abuse050_x264.mp4,/content/drive/MyDrive/Anomaly-Videos-Part-1/Anomaly-Videos-Part-1,,mp4,39654017,162.067,30.0,320,240,4862,True,
anomaly/Arrest/Arrest001_x264.mp4,Arrest001_x264.mp4,anomaly,Arrest,Arrest/Arrest001_x264.mp4,/content/drive/MyDrive/Anomaly-Videos-Part-1/Anomaly-Videos-Part-1,,mp4,13982812,79.133,30.0,319,240,2374,True,
anomaly/Arrest/Arrest002_x264.mp4,Arrest002_x264.mp4,anomaly,Arrest,Arrest/Arrest002_x264.mp4,/content/drive/MyDrive/Anomaly-Videos-Part-1/Anomaly-Videos-Part-1,,mp4,10841051,59.667,30.0,320,240,1790,True,
anomaly/Arrest/Arrest003_x264.mp4,Arrest003_x264.mp4,anomaly,Arrest,Arrest/Arrest003_x264.mp4,/content/drive/MyDrive/Anomaly-Videos-Part-1/Anomaly-Videos-Part-1,,mp4,15560127,101.8,30.0,320,240,3054,True,
anomaly/Arrest/Arrest004_x264.mp4,Arrest004_x264.mp4,anomaly,Arrest,Arrest/Arrest004_x264.mp4,/content/drive/MyDrive/Anomaly-Videos-Part-1/Anomaly-Videos-Part-1,,mp4,22721089,120.1,30.0,319,240,3603,True,
anomaly/Arrest/Arrest005_x264.mp4,Arrest005_x264.mp4,anomaly,Arrest,Arrest/Arrest005_x264.mp4,/content/drive/MyDrive/Anomaly-Videos-Part-1/Anomaly-Videos-Part-1,,mp4,30942847,122.833,30.0,320,240,3685,True,
anomaly/Arrest/Arrest006_x264.mp4,Arrest006_x264.mp4,anomaly,Arrest,Arrest/Arrest006_x264.mp4,/content/drive/MyDrive/Anomaly-Videos-Part-1/Anomaly-Videos-Part-1,,mp4,19523079,103.0,30.0,320,240,3090,True,
anomaly/Arrest/Arrest007_x264.mp4,Arrest007_x264.mp4,anomaly,Arrest,Arrest/Arrest007_x264.mp4,/content/drive/MyDrive/Anomaly-Videos-Part-1/Anomaly-Videos-Part-1,,mp4,19652645,104.8,30.0,320,240,3144,True,
anomaly/Arrest/Arrest008_x264.mp4,Arrest008_x264.mp4,anomaly,Arrest,Arrest/Arrest008_x264.mp4,/content/drive/MyDrive/Anomaly-Videos-Part-1/Anomaly-Videos-Part-1,,mp4,51416593,212.933,30.0,320,240,6388,True,
anomaly/Arrest/Arrest009_x264.mp4,Arrest009_x264.mp4,anomaly,Arrest,Arrest/Arrest009_x264.mp4,/content/drive/MyDrive/Anomaly-Videos-Part-1/Anomaly-Videos-Part-1,,mp4,10860899,57.1,30.0,320,240,1713,True,
anomaly/Arrest/Arrest010_x264.mp4,Arrest010_x264.mp4,anomaly,Arrest,Arrest/Arrest010_x264.mp4,/content/drive/MyDrive/Anomaly-Videos-Part-1/Anomaly-Videos-Part-1,,mp4,19897167,87.4,30.0,320,240,2622,True,
anomaly/Arrest/Arrest011_x264.mp4,Arrest011_x264.mp4,anomaly,Arrest,Arrest/Arrest011_x264.mp4,/content/drive/MyDrive/Anomaly-Videos-Part-1/Anomaly-Videos-Part-1,,mp4,15610795,73.8,30.0,320,240,2214,True,
anomaly/Arrest/Arrest012_x264.mp4,Arrest012_x264.mp4,anomaly,Arrest,Arrest/Arrest012_x264.mp4,/content/drive/MyDrive/Anomaly-Videos-Part-1/Anomaly-Videos-Part-1,,mp4,134438499,538.7,30.0,320,240,16161,True,
anomaly/Arrest/Arrest013_x264.mp4,Arrest013_x264.mp4,anomaly,Arrest,Arrest/Arrest013_x264.mp4,/content/drive/MyDrive/Anomaly-Videos-Part-1/Anomaly-Videos-Part-1,,mp4,6038519,37.2,30.0,319,240,1116,True,
anomaly/Arrest/Arrest014_x264.mp4,Arrest014_x264.mp4,anomaly,Arrest,Arrest/Arrest014_x264.mp4,/content/drive/MyDrive/Anomaly-Videos-Part-1/Anomaly-Videos-Part-1,,mp4,13365714,51.2,30.0,320,240,1536,True,
anomaly/Arrest/Arrest015_x264.mp4,Arrest015_x264.mp4,anomaly,Arrest,Arrest/Arrest015_x264.mp4,/content/drive/MyDrive/Anomaly-Videos-Part-1/Anomaly-Videos-Part-1,,mp4,6162821,32.533,30.0,320,240,976,True,
anomaly/Arrest/Arrest016_x264.mp4,Arrest016_x264.mp4,anomaly,Arrest,Arrest/Arrest016_x264.mp4,/content/drive/MyDrive/Anomaly-Videos-Part-1/Anomaly-Videos-Part-1,,mp4,57221709,352.867,30.0,320,240,10586,True,
anomaly/Arrest/Arrest017_x264.mp4,Arrest017_x264.mp4,anomaly,Arrest,Arrest/Arrest017_x264.mp4,/content/drive/MyDrive/Anomaly-Videos-Part-1/Anomaly-Videos-Part-1,,mp4,24625746,114.4,30.0,320,240,3432,True,
anomaly/Arrest/Arrest018_x264.mp4,Arrest018_x264.mp4,anomaly,Arrest,Arrest/Arrest018_x264.mp4,/content/drive/MyDrive/Anomaly-Videos-Part-1/Anomaly-Videos-Part-1,,mp4,14568373,81.133,30.0,320,240,2434,True,
anomaly/Arrest/Arrest019_x264.mp4,Arrest019_x264.mp4,anomaly,Arrest,Arrest/Arrest019_x264.mp4,/content/drive/MyDrive/Anomaly-Videos-Part-1/Anomaly-Videos-Part-1,,mp4,11929804,46.467,30.0,320,240,1394,True,
anomaly/Arrest/Arrest020_x264.mp4,Arrest020_x264.mp4,anomaly,Arrest,Arrest/Arrest020_x264.mp4,/content/drive/MyDrive/Anomaly-Videos-Part-1/Anomaly-Videos-Part-1,,mp4,24978416,98.067,30.0,320,240,2942,True,
anomaly/Arrest/Arrest021_x264.mp4,Arrest021_x264.mp4,anomaly,Arrest,Arrest/Arrest021_x264.mp4,/content/drive/MyDrive/Anomaly-Videos-Part-1/Anomaly-Videos-Part-1,,mp4,78150870,291.133,30.0,320,240,8734,True,
anomaly/Arrest/Arrest022_x264.mp4,Arrest022_x264.mp4,anomaly,Arrest,Arrest/Arrest022_x264.mp4,/content/drive/MyDrive/Anomaly-Videos-Part-1/Anomaly-Videos-Part-1,,mp4,11686097,53.167,30.0,320,240,1595,True,
anomaly/Arrest/Arrest023_x264.mp4,Arrest023_x264.mp4,anomaly,Arrest,Arrest/Arrest023_x264.mp4,/content/drive/MyDrive/Anomaly-Videos-Part-1/Anomaly-Videos-Part-1,,mp4,11225911,60.233,30.0,320,240,1807,True,
anomaly/Arrest/Arrest024_x264.mp4,Arrest024_x264.mp4,anomaly,Arrest,Arrest/Arrest024_x264.mp4,/content/drive/MyDrive/Anomaly-Videos-Part-1/Anomaly-Videos-Part-1,,mp4,21325478,120.967,30.0,320,240,3629,True,
anomaly/Arrest/Arrest025_x264.mp4,Arrest025_x264.mp4,anomaly,Arrest,Arrest/Arrest025_x264.mp4,/content/drive/MyDrive/Anomaly-Videos-Part-1/Anomaly-Videos-Part-1,,mp4,9247970,35.233,30.0,320,240,1057,True,
anomaly/Arrest/Arrest026_x264.mp4,Arrest026_x264.mp4,anomaly,Arrest,Arrest/Arrest026_x264.mp4,/content/drive/MyDrive/Anomaly-Videos-Part-1/Anomaly-Videos-Part-1,,mp4,26679410,216.2,30.0,320,240,6486,True,
anomaly/Arrest/Arrest027_x264.mp4,Arrest027_x264.mp4,anomaly,Arrest,Arrest/Arrest027_x264.mp4,/content/drive/MyDrive/Anomaly-Videos-Part-1/Anomaly-Videos-Part-1,,mp4,14225246,56.933,30.0,320,240,1708,True,
anomaly/Arrest/Arrest028_x264.mp4,Arrest028_x264.mp4,anomaly,Arrest,Arrest/Arrest028_x264.mp4,/content/drive/MyDrive/Anomaly-Videos-Part-1/Anomaly-Videos-Part-1,,mp4,20702974,83.167,30.0,320,240,2495,True,
anomaly/Arrest/Arrest029_x264.mp4,Arrest029_x264.mp4,anomaly,Arrest,Arrest/Arrest029_x264.mp4,/content/drive/MyDrive/Anomaly-Videos-Part-1/Anomaly-Videos-Part-1,,mp4,48950621,258.867,30.0,320,240,7766,True,
anomaly/Arrest/Arrest030_x264.mp4,Arrest030_x264.mp4,anomaly,Arrest,Arrest/Arrest030_x264.mp4,/content/drive/MyDrive/Anomaly-Videos-Part-1/Anomaly-Videos-Part-1,,mp4,48931788,288.067,30.0,319,240,8642,True,
anomaly/Arrest/Arrest031_x264.mp4,Arrest031_x264.mp4,anomaly,Arrest,Arrest/Arrest031_x264.mp4,/content/drive/MyDrive/Anomaly-Videos-Part-1/Anomaly-Videos-Part-1,,mp4,7913223,61.6,30.0,320,240,1848,True,
anomaly/Arrest/Arrest032_x264.mp4,Arrest032_x264.mp4,anomaly,Arrest,Arrest/Arrest032_x264.mp4,/content/drive/MyDrive/Anomaly-Videos-Part-1/Anomaly-Videos-Part-1,,mp4,9685138,56.133,30.0,240,240,1684,True,
anomaly/Arrest/Arrest033_x264.mp4,Arrest033_x264.mp4,anomaly,Arrest,Arrest/Arrest033_x264.mp4,/content/drive/MyDrive/Anomaly-Videos-Part-1/Anomaly-Videos-Part-1,,mp4,61408740,258.167,30.0,320,240,7745,True,
anomaly/Arrest/Arrest034_x264.mp4,Arrest034_x264.mp4,anomaly,Arrest,Arrest/Arrest034_x264.mp4,/content/drive/MyDrive/Anomaly-Videos-Part-1/Anomaly-Videos-Part-1,,mp4,76648543,387.333,30.0,320,240,11620,True,
anomaly/Arrest/Arrest035_x264.mp4,Arrest035_x264.mp4,anomaly,Arrest,Arrest/Arrest035_x264.mp4,/content/drive/MyDrive/Anomaly-Videos-Part-1/Anomaly-Videos-Part-1,,mp4,49612144,206.233,30.0,320,240,6187,True,
anomaly/Arrest/Arrest036_x264.mp4,Arrest036_x264.mp4,anomaly,Arrest,Arrest/Arrest036_x264.mp4,/content/drive/MyDrive/Anomaly-Videos-Part-1/Anomaly-Videos-Part-1,,mp4,23074609,127.567,30.0,320,240,3827,True,
anomaly/Arrest/Arrest037_x264.mp4,Arrest037_x264.mp4,anomaly,Arrest,Arrest/Arrest037_x264.mp4,/content/drive/MyDrive/Anomaly-Videos-Part-1/Anomaly-Videos-Part-1,,mp4,18447293,71.067,30.0,320,240,2132,True,
anomaly/Arrest/Arrest038_x264.mp4,Arrest038_x264.mp4,anomaly,Arrest,Arrest/Arrest038_x264.mp4,/content/drive/MyDrive/Anomaly-Videos-Part-1/Anomaly-Videos-Part-1,,mp4,8106213,73.1,30.0,320,240,2193,True,
anomaly/Arrest/Arrest039_x264.mp4,Arrest039_x264.mp4,anomaly,Arrest,Arrest/Arrest039_x264.mp4,/content/drive/MyDrive/Anomaly-Videos-Part-1/Anomaly-Videos-Part-1,,mp4,113654933,527.833,30.0,320,240,15835,True,
anomaly/Arrest/Arrest040_x264.mp4,Arrest040_x264.mp4,anomaly,Arrest,Arrest/Arrest040_x264.mp4,/content/drive/MyDrive/Anomaly-Videos-Part-1/Anomaly-Videos-Part-1,,mp4,8349531,59.133,30.0,320,240,1774,True,
anomaly/Arrest/Arrest041_x264.mp4,Arrest041_x264.mp4,anomaly,Arrest,Arrest/Arrest041_x264.mp4,/content/drive/MyDrive/Anomaly-Videos-Part-1/Anomaly-Videos-Part-1,,mp4,20832906,128.233,30.0,320,240,3847,True,
anomaly/Arrest/Arrest042_x264.mp4,Arrest042_x264.mp4,anomaly,Arrest,Arrest/Arrest042_x264.mp4,/content/drive/MyDrive/Anomaly-Videos-Part-1/Anomaly-Videos-Part-1,,mp4,12562695,53.0,30.0,320,240,1590,True,
anomaly/Arrest/Arrest043_x264.mp4,Arrest043_x264.mp4,anomaly,Arrest,Arrest/Arrest043_x264.mp4,/content/drive/MyDrive/Anomaly-Videos-Part-1/Anomaly-Videos-Part-1,,mp4,63844515,359.967,30.0,320,240,10799,True,
anomaly/Arrest/Arrest044_x264.mp4,Arrest044_x264.mp4,anomaly,Arrest,Arrest/Arrest044_x264.mp4,/content/drive/MyDrive/Anomaly-Videos-Part-1/Anomaly-Videos-Part-1,,mp4,24689733,113.7,30.0,320,240,3411,True,
anomaly/Arrest/Arrest046_x264.mp4,Arrest046_x264.mp4,anomaly,Arrest,Arrest/Arrest046_x264.mp4,/content/drive/MyDrive/Anomaly-Videos-Part-1/Anomaly-Videos-Part-1,,mp4,47087436,262.767,30.0,319,240,7883,True,
anomaly/Arrest/Arrest047_x264.mp4,Arrest047_x264.mp4,anomaly,Arrest,Arrest/Arrest047_x264.mp4,/content/drive/MyDrive/Anomaly-Videos-Part-1/Anomaly-Videos-Part-1,,mp4,527830504,2102.0,30.0,320,240,63060,True,
anomaly/Arrest/Arrest048_x264.mp4,Arrest048_x264.mp4,anomaly,Arrest,Arrest/Arrest048_x264.mp4,/content/drive/MyDrive/Anomaly-Videos-Part-1/Anomaly-Videos-Part-1,,mp4,34844455,135.9,30.0,320,240,4077,True,
anomaly/Arrest/Arrest049_x264.mp4,Arrest049_x264.mp4,anomaly,Arrest,Arrest/Arrest049_x264.mp4,/content/drive/MyDrive/Anomaly-Videos-Part-1/Anomaly-Videos-Part-1,,mp4,107207813,393.3,30.0,320,240,11799,True,
anomaly/Arrest/Arrest050_x264.mp4,Arrest050_x264.mp4,anomaly,Arrest,Arrest/Arrest050_x264.mp4,/content/drive/MyDrive/Anomaly-Videos-Part-1/Anomaly-Videos-Part-1,,mp4,97170448,237.266,29.971,320,240,7111,True,
anomaly/Arrest/Arrest051_x264.mp4,Arrest051_x264.mp4,anomaly,Arrest,Arrest/Arrest051_x264.mp4,/content/drive/MyDrive/Anomaly-Videos-Part-1/Anomaly-Videos-Part-1,,mp4,91839785,360.0,30.0,320,240,10800,True,
anomaly/Arson/Arson001_x264.mp4,Arson001_x264.mp4,anomaly,Arson,Arson/Arson001_x264.mp4,/content/drive/MyDrive/Anomaly-Videos-Part-1/Anomaly-Videos-Part-1,,mp4,29013622,139.567,30.0,320,240,4187,True,
anomaly/Arson/Arson002_x264.mp4,Arson002_x264.mp4,anomaly,Arson,Arson/Arson002_x264.mp4,/content/drive/MyDrive/Anomaly-Videos-Part-1/Anomaly-Videos-Part-1,,mp4,36168835,147.967,30.0,320,240,4439,True,
anomaly/Arson/Arson003_x264.mp4,Arson003_x264.mp4,anomaly,Arson,Arson/Arson003_x264.mp4,/content/drive/MyDrive/Anomaly-Videos-Part-1/Anomaly-Videos-Part-1,,mp4,24229193,133.767,30.0,320,240,4013,True,
anomaly/Arson/Arson005_x264.mp4,Arson005_x264.mp4,anomaly,Arson,Arson/Arson005_x264.mp4,/content/drive/MyDrive/Anomaly-Videos-Part-1/Anomaly-Videos-Part-1,,mp4,10433371,39.133,30.0,319,240,1174,True,
anomaly/Arson/Arson006_x264.mp4,Arson006_x264.mp4,anomaly,Arson,Arson/Arson006_x264.mp4,/content/drive/MyDrive/Anomaly-Videos-Part-1/Anomaly-Videos-Part-1,,mp4,13097094,93.833,30.0,320,240,2815,True,
anomaly/Arson/Arson007_x264.mp4,Arson007_x264.mp4,anomaly,Arson,Arson/Arson007_x264.mp4,/content/drive/MyDrive/Anomaly-Videos-Part-1/Anomaly-Videos-Part-1,,mp4,58767696,208.4,30.0,320,240,6252,True,
anomaly/Arson/Arson008_x264.mp4,Arson008_x264.mp4,anomaly,Arson,Arson/Arson008_x264.mp4,/content/drive/MyDrive/Anomaly-Videos-Part-1/Anomaly-Videos-Part-1,,mp4,6996042,40.667,30.0,319,240,1220,True,
anomaly/Arson/Arson009_x264.mp4,Arson009_x264.mp4,anomaly,Arson,Arson/Arson009_x264.mp4,/content/drive/MyDrive/Anomaly-Videos-Part-1/Anomaly-Videos-Part-1,,mp4,6215181,24.767,30.0,320,240,743,True,
anomaly/Arson/Arson010_x264.mp4,Arson010_x264.mp4,anomaly,Arson,Arson/Arson010_x264.mp4,/content/drive/MyDrive/Anomaly-Videos-Part-1/Anomaly-Videos-Part-1,,mp4,12694369,105.3,30.0,320,240,3159,True,
anomaly/Arson/Arson011_x264.mp4,Arson011_x264.mp4,anomaly,Arson,Arson/Arson011_x264.mp4,/content/drive/MyDrive/Anomaly-Videos-Part-1/Anomaly-Videos-Part-1,,mp4,8419260,42.2,30.0,320,240,1266,True,
anomaly/Arson/Arson012_x264.mp4,Arson012_x264.mp4,anomaly,Arson,Arson/Arson012_x264.mp4,/content/drive/MyDrive/Anomaly-Videos-Part-1/Anomaly-Videos-Part-1,,mp4,4115721,29.8,30.0,320,240,894,True,
anomaly/Arson/Arson013_x264.mp4,Arson013_x264.mp4,anomaly,Arson,Arson/Arson013_x264.mp4,/content/drive/MyDrive/Anomaly-Videos-Part-1/Anomaly-Videos-Part-1,,mp4,33429815,212.633,30.0,320,240,6379,True,
anomaly/Arson/Arson014_x264.mp4,Arson014_x264.mp4,anomaly,Arson,Arson/Arson014_x264.mp4,/content/drive/MyDrive/Anomaly-Videos-Part-1/Anomaly-Videos-Part-1,,mp4,16957057,87.8,30.0,320,240,2634,True,
anomaly/Arson/Arson015_x264.mp4,Arson015_x264.mp4,anomaly,Arson,Arson/Arson015_x264.mp4,/content/drive/MyDrive/Anomaly-Videos-Part-1/Anomaly-Videos-Part-1,,mp4,83257821,341.0,30.0,320,240,10230,True,
anomaly/Arson/Arson016_x264.mp4,Arson016_x264.mp4,anomaly,Arson,Arson/Arson016_x264.mp4,/content/drive/MyDrive/Anomaly-Videos-Part-1/Anomaly-Videos-Part-1,,mp4,12385206,59.833,30.0,320,240,1795,True,
anomaly/Arson/Arson017_x264.mp4,Arson017_x264.mp4,anomaly,Arson,Arson/Arson017_x264.mp4,/content/drive/MyDrive/Anomaly-Videos-Part-1/Anomaly-Videos-Part-1,,mp4,5119970,46.067,30.0,320,240,1382,True,
anomaly/Arson/Arson018_x264.mp4,Arson018_x264.mp4,anomaly,Arson,Arson/Arson018_x264.mp4,/content/drive/MyDrive/Anomaly-Videos-Part-1/Anomaly-Videos-Part-1,,mp4,6789214,28.067,30.0,320,240,842,True,
anomaly/Arson/Arson020_x264.mp4,Arson020_x264.mp4,anomaly,Arson,Arson/Arson020_x264.mp4,/content/drive/MyDrive/Anomaly-Videos-Part-1/Anomaly-Videos-Part-1,,mp4,21785584,80.9,30.0,320,240,2427,True,
anomaly/Arson/Arson021_x264.mp4,Arson021_x264.mp4,anomaly,Arson,Arson/Arson021_x264.mp4,/content/drive/MyDrive/Anomaly-Videos-Part-1/Anomaly-Videos-Part-1,,mp4,12369983,48.033,30.0,320,240,1441,True,
anomaly/Arson/Arson023_x264.mp4,Arson023_x264.mp4,anomaly,Arson,Arson/Arson023_x264.mp4,/content/drive/MyDrive/Anomaly-Videos-Part-1/Anomaly-Videos-Part-1,,mp4,8168665,45.333,30.0,320,240,1360,True,
anomaly/Arson/Arson024_x264.mp4,Arson024_x264.mp4,anomaly,Arson,Arson/Arson024_x264.mp4,/content/drive/MyDrive/Anomaly-Videos-Part-1/Anomaly-Videos-Part-1,,mp4,23486619,112.2,30.0,320,240,3366,True,
anomaly/Arson/Arson025_x264.mp4,Arson025_x264.mp4,anomaly,Arson,Arson/Arson025_x264.mp4,/content/drive/MyDrive/Anomaly-Videos-Part-1/Anomaly-Videos-Part-1,,mp4,33507224,176.1,30.0,320,240,5283,True,
anomaly/Arson/Arson026_x264.mp4,Arson026_x264.mp4,anomaly,Arson,Arson/Arson026_x264.mp4,/content/drive/MyDrive/Anomaly-Videos-Part-1/Anomaly-Videos-Part-1,,mp4,51402617,196.633,30.0,320,240,5899,True,
anomaly/Arson/Arson027_x264.mp4,Arson027_x264.mp4,anomaly,Arson,Arson/Arson027_x264.mp4,/content/drive/MyDrive/Anomaly-Videos-Part-1/Anomaly-Videos-Part-1,,mp4,14046464,89.9,30.0,320,240,2697,True,
anomaly/Arson/Arson028_x264.mp4,Arson028_x264.mp4,anomaly,Arson,Arson/Arson028_x264.mp4,/content/drive/MyDrive/Anomaly-Videos-Part-1/Anomaly-Videos-Part-1,,mp4,11856665,80.3,30.0,320,240,2409,True,
anomaly/Arson/Arson029_x264.mp4,Arson029_x264.mp4,anomaly,Arson,Arson/Arson029_x264.mp4,/content/drive/MyDrive/Anomaly-Videos-Part-1/Anomaly-Videos-Part-1,,mp4,13387254,44.967,30.0,320,240,1349,True,
anomaly/Arson/Arson030_x264.mp4,Arson030_x264.mp4,anomaly,Arson,Arson/Arson030_x264.mp4,/content/drive/MyDrive/Anomaly-Videos-Part-1/Anomaly-Videos-Part-1,,mp4,7621238,168.433,30.0,320,240,5053,True,
anomaly/Arson/Arson031_x264.mp4,Arson031_x264.mp4,anomaly,Arson,Arson/Arson031_x264.mp4,/content/drive/MyDrive/Anomaly-Videos-Part-1/Anomaly-Videos-Part-1,,mp4,12577050,96.133,30.0,320,240,2884,True,
anomaly/Arson/Arson032_x264.mp4,Arson032_x264.mp4,anomaly,Arson,Arson/Arson032_x264.mp4,/content/drive/MyDrive/Anomaly-Videos-Part-1/Anomaly-Videos-Part-1,,mp4,21830967,92.7,30.0,320,240,2781,True,
anomaly/Arson/Arson034_x264.mp4,Arson034_x264.mp4,anomaly,Arson,Arson/Arson034_x264.mp4,/content/drive/MyDrive/Anomaly-Videos-Part-1/Anomaly-Videos-Part-1,,mp4,12182783,79.6,30.0,320,240,2388,True,
anomaly/Arson/Arson035_x264.mp4,Arson035_x264.mp4,anomaly,Arson,Arson/Arson035_x264.mp4,/content/drive/MyDrive/Anomaly-Videos-Part-1/Anomaly-Videos-Part-1,,mp4,12760697,47.9,30.0,319,240,1437,True,
anomaly/Arson/Arson036_x264.mp4,Arson036_x264.mp4,anomaly,Arson,Arson/Arson036_x264.mp4,/content/drive/MyDrive/Anomaly-Videos-Part-1/Anomaly-Videos-Part-1,,mp4,8942412,56.5,30.0,319,240,1695,True,
anomaly/Arson/Arson037_x264.mp4,Arson037_x264.mp4,anomaly,Arson,Arson/Arson037_x264.mp4,/content/drive/MyDrive/Anomaly-Videos-Part-1/Anomaly-Videos-Part-1,,mp4,7576638,26.767,30.0,320,240,803,True,
anomaly/Arson/Arson038_x264.mp4,Arson038_x264.mp4,anomaly,Arson,Arson/Arson038_x264.mp4,/content/drive/MyDrive/Anomaly-Videos-Part-1/Anomaly-Videos-Part-1,,mp4,6317902,24.567,30.0,320,240,737,True,
anomaly/Arson/Arson039_x264.mp4,Arson039_x264.mp4,anomaly,Arson,Arson/Arson039_x264.mp4,/content/drive/MyDrive/Anomaly-Videos-Part-1/Anomaly-Videos-Part-1,,mp4,24223537,112.533,30.0,319,240,3376,True,
anomaly/Arson/Arson040_x264.mp4,Arson040_x264.mp4,anomaly,Arson,Arson/Arson040_x264.mp4,/content/drive/MyDrive/Anomaly-Videos-Part-1/Anomaly-Videos-Part-1,,mp4,17158508,94.5,30.0,319,240,2835,True,
anomaly/Arson/Arson041_x264.mp4,Arson041_x264.mp4,anomaly,Arson,Arson/Arson041_x264.mp4,/content/drive/MyDrive/Anomaly-Videos-Part-1/Anomaly-Videos-Part-1,,mp4,15253202,125.133,30.0,320,240,3754,True,
anomaly/Arson/Arson042_x264.mp4,Arson042_x264.mp4,anomaly,Arson,Arson/Arson042_x264.mp4,/content/drive/MyDrive/Anomaly-Videos-Part-1/Anomaly-Videos-Part-1,,mp4,26840450,195.767,30.0,320,240,5873,True,
anomaly/Arson/Arson044_x264.mp4,Arson044_x264.mp4,anomaly,Arson,Arson/Arson044_x264.mp4,/content/drive/MyDrive/Anomaly-Videos-Part-1/Anomaly-Videos-Part-1,,mp4,9982914,39.867,30.0,320,240,1196,True,
anomaly/Arson/Arson045_x264.mp4,Arson045_x264.mp4,anomaly,Arson,Arson/Arson045_x264.mp4,/content/drive/MyDrive/Anomaly-Videos-Part-1/Anomaly-Videos-Part-1,,mp4,31469158,125.1,30.0,320,240,3753,True,
anomaly/Arson/Arson046_x264.mp4,Arson046_x264.mp4,anomaly,Arson,Arson/Arson046_x264.mp4,/content/drive/MyDrive/Anomaly-Videos-Part-1/Anomaly-Videos-Part-1,,mp4,17122004,69.1,30.0,320,240,2073,True,
anomaly/Arson/Arson047_x264.mp4,Arson047_x264.mp4,anomaly,Arson,Arson/Arson047_x264.mp4,/content/drive/MyDrive/Anomaly-Videos-Part-1/Anomaly-Videos-Part-1,,mp4,13900018,48.067,30.0,320,240,1442,True,
anomaly/Arson/Arson048_x264.mp4,Arson048_x264.mp4,anomaly,Arson,Arson/Arson048_x264.mp4,/content/drive/MyDrive/Anomaly-Videos-Part-1/Anomaly-Videos-Part-1,,mp4,4317491,13.7,30.0,319,240,411,True,
anomaly/Arson/Arson049_x264.mp4,Arson049_x264.mp4,anomaly,Arson,Arson/Arson049_x264.mp4,/content/drive/MyDrive/Anomaly-Videos-Part-1/Anomaly-Videos-Part-1,,mp4,3142046,12.867,30.0,320,240,386,True,
anomaly/Arson/Arson050_x264.mp4,Arson050_x264.mp4,anomaly,Arson,Arson/Arson050_x264.mp4,/content/drive/MyDrive/Anomaly-Videos-Part-1/Anomaly-Videos-Part-1,,mp4,12263860,52.7,30.0,319,240,1581,True,
anomaly/Arson/Arson051_x264.mp4,Arson051_x264.mp4,anomaly,Arson,Arson/Arson051_x264.mp4,/content/drive/MyDrive/Anomaly-Videos-Part-1/Anomaly-Videos-Part-1,,mp4,8547575,35.2,30.0,320,240,1056,True,
anomaly/Arson/Arson052_x264.mp4,Arson052_x264.mp4,anomaly,Arson,Arson/Arson052_x264.mp4,/content/drive/MyDrive/Anomaly-Videos-Part-1/Anomaly-Videos-Part-1,,mp4,36406549,158.867,30.0,320,240,4766,True,
anomaly/Arson/Arson053_x264.mp4,Arson053_x264.mp4,anomaly,Arson,Arson/Arson053_x264.mp4,/content/drive/MyDrive/Anomaly-Videos-Part-1/Anomaly-Videos-Part-1,,mp4,58536952,225.833,30.0,320,240,6775,True,
anomaly/Assault/Assault001_x264.mp4,Assault001_x264.mp4,anomaly,Assault,Assault/Assault001_x264.mp4,/content/drive/MyDrive/Anomaly-Videos-Part-1/Anomaly-Videos-Part-1,,mp4,21066405,82.867,30.0,320,240,2486,True,
anomaly/Assault/Assault002_x264.mp4,Assault002_x264.mp4,anomaly,Assault,Assault/Assault002_x264.mp4,/content/drive/MyDrive/Anomaly-Videos-Part-1/Anomaly-Videos-Part-1,,mp4,22476834,84.1,30.0,319,240,2523,True,
anomaly/Assault/Assault003_x264.mp4,Assault003_x264.mp4,anomaly,Assault,Assault/Assault003_x264.mp4,/content/drive/MyDrive/Anomaly-Videos-Part-1/Anomaly-Videos-Part-1,,mp4,36996660,148.1,30.0,320,240,4443,True,
anomaly/Assault/Assault004_x264.mp4,Assault004_x264.mp4,anomaly,Assault,Assault/Assault004_x264.mp4,/content/drive/MyDrive/Anomaly-Videos-Part-1/Anomaly-Videos-Part-1,,mp4,26761725,107.433,30.0,320,240,3223,True,
anomaly/Assault/Assault005_x264.mp4,Assault005_x264.mp4,anomaly,Assault,Assault/Assault005_x264.mp4,/content/drive/MyDrive/Anomaly-Videos-Part-1/Anomaly-Videos-Part-1,,mp4,7142443,40.567,30.0,320,240,1217,True,
anomaly/Assault/Assault006_x264.mp4,Assault006_x264.mp4,anomaly,Assault,Assault/Assault006_x264.mp4,/content/drive/MyDrive/Anomaly-Videos-Part-1/Anomaly-Videos-Part-1,,mp4,68380776,269.867,30.0,320,240,8096,True,
anomaly/Assault/Assault007_x264.mp4,Assault007_x264.mp4,anomaly,Assault,Assault/Assault007_x264.mp4,/content/drive/MyDrive/Anomaly-Videos-Part-1/Anomaly-Videos-Part-1,,mp4,18655704,65.067,30.0,320,240,1952,True,
anomaly/Assault/Assault008_x264.mp4,Assault008_x264.mp4,anomaly,Assault,Assault/Assault008_x264.mp4,/content/drive/MyDrive/Anomaly-Videos-Part-1/Anomaly-Videos-Part-1,,mp4,64507217,251.2,30.0,320,240,7536,True,
anomaly/Assault/Assault009_x264.mp4,Assault009_x264.mp4,anomaly,Assault,Assault/Assault009_x264.mp4,/content/drive/MyDrive/Anomaly-Videos-Part-1/Anomaly-Videos-Part-1,,mp4,30447821,119.967,30.0,320,240,3599,True,
anomaly/Assault/Assault010_x264.mp4,Assault010_x264.mp4,anomaly,Assault,Assault/Assault010_x264.mp4,/content/drive/MyDrive/Anomaly-Videos-Part-1/Anomaly-Videos-Part-1,,mp4,115244426,539.233,30.0,319,240,16177,True,
anomaly/Assault/Assault011_x264.mp4,Assault011_x264.mp4,anomaly,Assault,Assault/Assault011_x264.mp4,/content/drive/MyDrive/Anomaly-Videos-Part-1/Anomaly-Videos-Part-1,,mp4,20113377,76.267,30.0,320,240,2288,True,
anomaly/Assault/Assault012_x264.mp4,Assault012_x264.mp4,anomaly,Assault,Assault/Assault012_x264.mp4,/content/drive/MyDrive/Anomaly-Videos-Part-1/Anomaly-Videos-Part-1,,mp4,4989936,26.1,30.0,319,240,783,True,
anomaly/Assault/Assault013_x264.mp4,Assault013_x264.mp4,anomaly,Assault,Assault/Assault013_x264.mp4,/content/drive/MyDrive/Anomaly-Videos-Part-1/Anomaly-Videos-Part-1,,mp4,15365954,79.3,30.0,320,240,2379,True,
anomaly/Assault/Assault014_x264.mp4,Assault014_x264.mp4,anomaly,Assault,Assault/Assault014_x264.mp4,/content/drive/MyDrive/Anomaly-Videos-Part-1/Anomaly-Videos-Part-1,,mp4,11083650,63.567,30.0,318,240,1907,True,
anomaly/Assault/Assault015_x264.mp4,Assault015_x264.mp4,anomaly,Assault,Assault/Assault015_x264.mp4,/content/drive/MyDrive/Anomaly-Videos-Part-1/Anomaly-Videos-Part-1,,mp4,13073396,49.367,30.0,320,240,1481,True,
anomaly/Assault/Assault016_x264.mp4,Assault016_x264.mp4,anomaly,Assault,Assault/Assault016_x264.mp4,/content/drive/MyDrive/Anomaly-Videos-Part-1/Anomaly-Videos-Part-1,,mp4,43823544,220.433,30.0,319,240,6613,True,
anomaly/Assault/Assault017_x264.mp4,Assault017_x264.mp4,anomaly,Assault,Assault/Assault017_x264.mp4,/content/drive/MyDrive/Anomaly-Videos-Part-1/Anomaly-Videos-Part-1,,mp4,24747870,81.666,30.0,320,240,2450,True,
anomaly/Assault/Assault018_x264.mp4,Assault018_x264.mp4,anomaly,Assault,Assault/Assault018_x264.mp4,/content/drive/MyDrive/Anomaly-Videos-Part-1/Anomaly-Videos-Part-1,,mp4,1060732,12.033,30.0,320,240,361,True,
anomaly/Assault/Assault019_x264.mp4,Assault019_x264.mp4,anomaly,Assault,Assault/Assault019_x264.mp4,/content/drive/MyDrive/Anomaly-Videos-Part-1/Anomaly-Videos-Part-1,,mp4,16920347,84.6,30.0,320,240,2538,True,
anomaly/Assault/Assault020_x264.mp4,Assault020_x264.mp4,anomaly,Assault,Assault/Assault020_x264.mp4,/content/drive/MyDrive/Anomaly-Videos-Part-1/Anomaly-Videos-Part-1,,mp4,3912419,15.8,30.0,320,240,474,True,
anomaly/Assault/Assault022_x264.mp4,Assault022_x264.mp4,anomaly,Assault,Assault/Assault022_x264.mp4,/content/drive/MyDrive/Anomaly-Videos-Part-1/Anomaly-Videos-Part-1,,mp4,16968901,84.0,30.0,320,240,2520,True,
anomaly/Assault/Assault023_x264.mp4,Assault023_x264.mp4,anomaly,Assault,Assault/Assault023_x264.mp4,/content/drive/MyDrive/Anomaly-Videos-Part-1/Anomaly-Videos-Part-1,,mp4,7103869,33.767,30.0,320,240,1013,True,
anomaly/Assault/Assault024_x264.mp4,Assault024_x264.mp4,anomaly,Assault,Assault/Assault024_x264.mp4,/content/drive/MyDrive/Anomaly-Videos-Part-1/Anomaly-Videos-Part-1,,mp4,4011669,14.867,30.0,320,240,446,True,
anomaly/Assault/Assault025_x264.mp4,Assault025_x264.mp4,anomaly,Assault,Assault/Assault025_x264.mp4,/content/drive/MyDrive/Anomaly-Videos-Part-1/Anomaly-Videos-Part-1,,mp4,11651482,38.667,30.0,320,240,1160,True,
anomaly/Assault/Assault026_x264.mp4,Assault026_x264.mp4,anomaly,Assault,Assault/Assault026_x264.mp4,/content/drive/MyDrive/Anomaly-Videos-Part-1/Anomaly-Videos-Part-1,,mp4,4352934,28.067,30.0,320,240,842,True,
anomaly/Assault/Assault027_x264.mp4,Assault027_x264.mp4,anomaly,Assault,Assault/Assault027_x264.mp4,/content/drive/MyDrive/Anomaly-Videos-Part-1/Anomaly-Videos-Part-1,,mp4,51472036,231.633,30.0,320,240,6949,True,
anomaly/Assault/Assault028_x264.mp4,Assault028_x264.mp4,anomaly,Assault,Assault/Assault028_x264.mp4,/content/drive/MyDrive/Anomaly-Videos-Part-1/Anomaly-Videos-Part-1,,mp4,22069311,87.833,30.0,320,240,2635,True,
anomaly/Assault/Assault029_x264.mp4,Assault029_x264.mp4,anomaly,Assault,Assault/Assault029_x264.mp4,/content/drive/MyDrive/Anomaly-Videos-Part-1/Anomaly-Videos-Part-1,,mp4,5037764,20.3,30.0,320,240,609,True,
anomaly/Assault/Assault030_x264.mp4,Assault030_x264.mp4,anomaly,Assault,Assault/Assault030_x264.mp4,/content/drive/MyDrive/Anomaly-Videos-Part-1/Anomaly-Videos-Part-1,,mp4,14364391,58.9,30.0,319,240,1767,True,
anomaly/Assault/Assault031_x264.mp4,Assault031_x264.mp4,anomaly,Assault,Assault/Assault031_x264.mp4,/content/drive/MyDrive/Anomaly-Videos-Part-1/Anomaly-Videos-Part-1,,mp4,6574902,25.2,30.0,318,240,756,True,
anomaly/Assault/Assault032_x264.mp4,Assault032_x264.mp4,anomaly,Assault,Assault/Assault032_x264.mp4,/content/drive/MyDrive/Anomaly-Videos-Part-1/Anomaly-Videos-Part-1,,mp4,4280894,19.067,30.0,320,240,572,True,
anomaly/Assault/Assault033_x264.mp4,Assault033_x264.mp4,anomaly,Assault,Assault/Assault033_x264.mp4,/content/drive/MyDrive/Anomaly-Videos-Part-1/Anomaly-Videos-Part-1,,mp4,11223003,42.6,30.0,320,240,1278,True,
anomaly/Assault/Assault034_x264.mp4,Assault034_x264.mp4,anomaly,Assault,Assault/Assault034_x264.mp4,/content/drive/MyDrive/Anomaly-Videos-Part-1/Anomaly-Videos-Part-1,,mp4,16110825,77.3,30.0,320,240,2319,True,
anomaly/Assault/Assault035_x264.mp4,Assault035_x264.mp4,anomaly,Assault,Assault/Assault035_x264.mp4,/content/drive/MyDrive/Anomaly-Videos-Part-1/Anomaly-Videos-Part-1,,mp4,6208430,29.9,30.0,320,240,897,True,
anomaly/Assault/Assault036_x264.mp4,Assault036_x264.mp4,anomaly,Assault,Assault/Assault036_x264.mp4,/content/drive/MyDrive/Anomaly-Videos-Part-1/Anomaly-Videos-Part-1,,mp4,5421191,30.4,30.0,320,240,912,True,
anomaly/Assault/Assault037_x264.mp4,Assault037_x264.mp4,anomaly,Assault,Assault/Assault037_x264.mp4,/content/drive/MyDrive/Anomaly-Videos-Part-1/Anomaly-Videos-Part-1,,mp4,26740175,106.933,30.0,320,240,3208,True,
anomaly/Assault/Assault038_x264.mp4,Assault038_x264.mp4,anomaly,Assault,Assault/Assault038_x264.mp4,/content/drive/MyDrive/Anomaly-Videos-Part-1/Anomaly-Videos-Part-1,,mp4,1139915,4.567,30.0,320,240,137,True,
anomaly/Assault/Assault039_x264.mp4,Assault039_x264.mp4,anomaly,Assault,Assault/Assault039_x264.mp4,/content/drive/MyDrive/Anomaly-Videos-Part-1/Anomaly-Videos-Part-1,,mp4,2026758,9.833,30.0,320,240,295,True,
anomaly/Assault/Assault040_x264.mp4,Assault040_x264.mp4,anomaly,Assault,Assault/Assault040_x264.mp4,/content/drive/MyDrive/Anomaly-Videos-Part-1/Anomaly-Videos-Part-1,,mp4,21250665,125.967,30.0,319,240,3779,True,
anomaly/Assault/Assault041_x264.mp4,Assault041_x264.mp4,anomaly,Assault,Assault/Assault041_x264.mp4,/content/drive/MyDrive/Anomaly-Videos-Part-1/Anomaly-Videos-Part-1,,mp4,35096043,167.433,30.0,320,240,5023,True,
anomaly/Assault/Assault042_x264.mp4,Assault042_x264.mp4,anomaly,Assault,Assault/Assault042_x264.mp4,/content/drive/MyDrive/Anomaly-Videos-Part-1/Anomaly-Videos-Part-1,,mp4,79840060,299.8,30.0,319,240,8994,True,
anomaly/Assault/Assault044_x264.mp4,Assault044_x264.mp4,anomaly,Assault,Assault/Assault044_x264.mp4,/content/drive/MyDrive/Anomaly-Videos-Part-1/Anomaly-Videos-Part-1,,mp4,6662542,25.467,30.0,319,240,764,True,
anomaly/Assault/Assault045_x264.mp4,Assault045_x264.mp4,anomaly,Assault,Assault/Assault045_x264.mp4,/content/drive/MyDrive/Anomaly-Videos-Part-1/Anomaly-Videos-Part-1,,mp4,6265796,37.3,30.0,319,240,1119,True,
anomaly/Assault/Assault046_x264.mp4,Assault046_x264.mp4,anomaly,Assault,Assault/Assault046_x264.mp4,/content/drive/MyDrive/Anomaly-Videos-Part-1/Anomaly-Videos-Part-1,,mp4,5694888,31.733,30.0,320,240,952,True,
anomaly/Assault/Assault047_x264.mp4,Assault047_x264.mp4,anomaly,Assault,Assault/Assault047_x264.mp4,/content/drive/MyDrive/Anomaly-Videos-Part-1/Anomaly-Videos-Part-1,,mp4,17939544,111.2,30.0,320,240,3336,True,
anomaly/Assault/Assault048_x264.mp4,Assault048_x264.mp4,anomaly,Assault,Assault/Assault048_x264.mp4,/content/drive/MyDrive/Anomaly-Videos-Part-1/Anomaly-Videos-Part-1,,mp4,14955214,60.033,30.0,320,240,1801,True,
anomaly/Assault/Assault049_x264.mp4,Assault049_x264.mp4,anomaly,Assault,Assault/Assault049_x264.mp4,/content/drive/MyDrive/Anomaly-Videos-Part-1/Anomaly-Videos-Part-1,,mp4,4994381,44.133,30.0,320,240,1324,True,
anomaly/Assault/Assault050_x264.mp4,Assault050_x264.mp4,anomaly,Assault,Assault/Assault050_x264.mp4,/content/drive/MyDrive/Anomaly-Videos-Part-1/Anomaly-Videos-Part-1,,mp4,4371386,20.767,30.0,320,240,623,True,
anomaly/Assault/Assault051_x264.mp4,Assault051_x264.mp4,anomaly,Assault,Assault/Assault051_x264.mp4,/content/drive/MyDrive/Anomaly-Videos-Part-1/Anomaly-Videos-Part-1,,mp4,4273777,20.033,30.0,320,240,601,True,
anomaly/Assault/Assault052_x264.mp4,Assault052_x264.mp4,anomaly,Assault,Assault/Assault052_x264.mp4,/content/drive/MyDrive/Anomaly-Videos-Part-1/Anomaly-Videos-Part-1,,mp4,5090465,26.3,30.0,320,240,789,True,
anomaly/Burglary/Burglary001_x264.mp4,Burglary001_x264.mp4,anomaly,Burglary,Burglary/Burglary001_x264.mp4,/content/drive/MyDrive/Anomaly-Videos-Part-1/Anomaly-Videos-Part-1,,mp4,29617108,132.3,30.0,320,240,3969,True,
anomaly/Burglary/Burglary002_x264.mp4,Burglary002_x264.mp4,anomaly,Burglary,Burglary/Burglary002_x264.mp4,/content/drive/MyDrive/Anomaly-Videos-Part-1/Anomaly-Videos-Part-1,,mp4,11317742,102.133,30.0,320,240,3064,True,
anomaly/Burglary/Burglary003_x264.mp4,Burglary003_x264.mp4,anomaly,Burglary,Burglary/Burglary003_x264.mp4,/content/drive/MyDrive/Anomaly-Videos-Part-1/Anomaly-Videos-Part-1,,mp4,9857751,39.1,30.0,320,240,1173,True,
anomaly/Burglary/Burglary004_x264.mp4,Burglary004_x264.mp4,anomaly,Burglary,Burglary/Burglary004_x264.mp4,/content/drive/MyDrive/Anomaly-Videos-Part-1/Anomaly-Videos-Part-1,,mp4,15655220,59.567,30.0,320,240,1787,True,
anomaly/Burglary/Burglary005_x264.mp4,Burglary005_x264.mp4,anomaly,Burglary,Burglary/Burglary005_x264.mp4,/content/drive/MyDrive/Anomaly-Videos-Part-1/Anomaly-Videos-Part-1,,mp4,49358313,257.633,30.0,319,240,7729,True,
anomaly/Burglary/Burglary006_x264.mp4,Burglary006_x264.mp4,anomaly,Burglary,Burglary/Burglary006_x264.mp4,/content/drive/MyDrive/Anomaly-Videos-Part-1/Anomaly-Videos-Part-1,,mp4,73681699,297.9,30.0,320,240,8937,True,
anomaly/Burglary/Burglary007_x264.mp4,Burglary007_x264.mp4,anomaly,Burglary,Burglary/Burglary007_x264.mp4,/content/drive/MyDrive/Anomaly-Videos-Part-1/Anomaly-Videos-Part-1,,mp4,9501455,36.167,30.0,320,240,1085,True,
anomaly/Burglary/Burglary008_x264.mp4,Burglary008_x264.mp4,anomaly,Burglary,Burglary/Burglary008_x264.mp4,/content/drive/MyDrive/Anomaly-Videos-Part-1/Anomaly-Videos-Part-1,,mp4,24666464,164.0,30.0,320,240,4920,True,
anomaly/Burglary/Burglary009_x264.mp4,Burglary009_x264.mp4,anomaly,Burglary,Burglary/Burglary009_x264.mp4,/content/drive/MyDrive/Anomaly-Videos-Part-1/Anomaly-Videos-Part-1,,mp4,9838028,85.233,30.0,320,240,2557,True,
anomaly/Burglary/Burglary010_x264.mp4,Burglary010_x264.mp4,anomaly,Burglary,Burglary/Burglary010_x264.mp4,/content/drive/MyDrive/Anomaly-Videos-Part-1/Anomaly-Videos-Part-1,,mp4,49786270,196.267,30.0,320,240,5888,True,
anomaly/Burglary/Burglary011_x264.mp4,Burglary011_x264.mp4,anomaly,Burglary,Burglary/Burglary011_x264.mp4,/content/drive/MyDrive/Anomaly-Videos-Part-1/Anomaly-Videos-Part-1,,mp4,6851846,65.467,30.0,320,240,1964,True,
anomaly/Burglary/Burglary012_x264.mp4,Burglary012_x264.mp4,anomaly,Burglary,Burglary/Burglary012_x264.mp4,/content/drive/MyDrive/Anomaly-Videos-Part-1/Anomaly-Videos-Part-1,,mp4,9482522,56.6,30.0,320,240,1698,True,
anomaly/Burglary/Burglary013_x264.mp4,Burglary013_x264.mp4,anomaly,Burglary,Burglary/Burglary013_x264.mp4,/content/drive/MyDrive/Anomaly-Videos-Part-1/Anomaly-Videos-Part-1,,mp4,18376096,74.467,30.0,320,240,2234,True,
anomaly/Burglary/Burglary014_x264.mp4,Burglary014_x264.mp4,anomaly,Burglary,Burglary/Burglary014_x264.mp4,/content/drive/MyDrive/Anomaly-Videos-Part-1/Anomaly-Videos-Part-1,,mp4,19725569,85.833,30.0,320,240,2575,True,
anomaly/Burglary/Burglary015_x264.mp4,Burglary015_x264.mp4,anomaly,Burglary,Burglary/Burglary015_x264.mp4,/content/drive/MyDrive/Anomaly-Videos-Part-1/Anomaly-Videos-Part-1,,mp4,9052379,37.367,30.0,320,240,1121,True,
anomaly/Burglary/Burglary016_x264.mp4,Burglary016_x264.mp4,anomaly,Burglary,Burglary/Burglary016_x264.mp4,/content/drive/MyDrive/Anomaly-Videos-Part-1/Anomaly-Videos-Part-1,,mp4,43542427,175.267,30.0,320,240,5258,True,
anomaly/Burglary/Burglary017_x264.mp4,Burglary017_x264.mp4,anomaly,Burglary,Burglary/Burglary017_x264.mp4,/content/drive/MyDrive/Anomaly-Videos-Part-1/Anomaly-Videos-Part-1,,mp4,18935632,70.433,30.0,319,240,2113,True,
anomaly/Burglary/Burglary018_x264.mp4,Burglary018_x264.mp4,anomaly,Burglary,Burglary/Burglary018_x264.mp4,/content/drive/MyDrive/Anomaly-Videos-Part-1/Anomaly-Videos-Part-1,,mp4,2604756,37.5,30.0,319,240,1125,True,
anomaly/Burglary/Burglary019_x264.mp4,Burglary019_x264.mp4,anomaly,Burglary,Burglary/Burglary019_x264.mp4,/content/drive/MyDrive/Anomaly-Videos-Part-1/Anomaly-Videos-Part-1,,mp4,21861768,96.367,30.0,319,240,2891,True,
anomaly/Burglary/Burglary020_x264.mp4,Burglary020_x264.mp4,anomaly,Burglary,Burglary/Burglary020_x264.mp4,/content/drive/MyDrive/Anomaly-Videos-Part-1/Anomaly-Videos-Part-1,,mp4,23488803,110.333,30.0,320,240,3310,True,
anomaly/Burglary/Burglary021_x264.mp4,Burglary021_x264.mp4,anomaly,Burglary,Burglary/Burglary021_x264.mp4,/content/drive/MyDrive/Anomaly-Videos-Part-1/Anomaly-Videos-Part-1,,mp4,10374119,51.233,30.0,319,240,1537,True,
anomaly/Burglary/Burglary022_x264.mp4,Burglary022_x264.mp4,anomaly,Burglary,Burglary/Burglary022_x264.mp4,/content/drive/MyDrive/Anomaly-Videos-Part-1/Anomaly-Videos-Part-1,,mp4,23202873,94.6,30.0,319,240,2838,True,
anomaly/Burglary/Burglary023_x264.mp4,Burglary023_x264.mp4,anomaly,Burglary,Burglary/Burglary023_x264.mp4,/content/drive/MyDrive/Anomaly-Videos-Part-1/Anomaly-Videos-Part-1,,mp4,83258207,331.467,30.0,319,240,9944,True,
anomaly/Burglary/Burglary024_x264.mp4,Burglary024_x264.mp4,anomaly,Burglary,Burglary/Burglary024_x264.mp4,/content/drive/MyDrive/Anomaly-Videos-Part-1/Anomaly-Videos-Part-1,,mp4,29822277,120.167,30.0,319,240,3605,True,
anomaly/Burglary/Burglary025_x264.mp4,Burglary025_x264.mp4,anomaly,Burglary,Burglary/Burglary025_x264.mp4,/content/drive/MyDrive/Anomaly-Videos-Part-1/Anomaly-Videos-Part-1,,mp4,28575545,207.133,30.0,320,240,6214,True,
anomaly/Burglary/Burglary026_x264.mp4,Burglary026_x264.mp4,anomaly,Burglary,Burglary/Burglary026_x264.mp4,/content/drive/MyDrive/Anomaly-Videos-Part-1/Anomaly-Videos-Part-1,,mp4,12403723,51.133,30.0,320,240,1534,True,
anomaly/Burglary/Burglary027_x264.mp4,Burglary027_x264.mp4,anomaly,Burglary,Burglary/Burglary027_x264.mp4,/content/drive/MyDrive/Anomaly-Videos-Part-1/Anomaly-Videos-Part-1,,mp4,16344081,103.2,30.0,320,240,3096,True,
anomaly/Burglary/Burglary028_x264.mp4,Burglary028_x264.mp4,anomaly,Burglary,Burglary/Burglary028_x264.mp4,/content/drive/MyDrive/Anomaly-Videos-Part-1/Anomaly-Videos-Part-1,,mp4,7752456,31.8,30.0,320,240,954,True,
anomaly/Burglary/Burglary029_x264.mp4,Burglary029_x264.mp4,anomaly,Burglary,Burglary/Burglary029_x264.mp4,/content/drive/MyDrive/Anomaly-Videos-Part-1/Anomaly-Videos-Part-1,,mp4,22292323,167.367,30.0,320,240,5021,True,
anomaly/Burglary/Burglary030_x264.mp4,Burglary030_x264.mp4,anomaly,Burglary,Burglary/Burglary030_x264.mp4,/content/drive/MyDrive/Anomaly-Videos-Part-1/Anomaly-Videos-Part-1,,mp4,3637563,29.967,30.0,320,240,899,True,
anomaly/Burglary/Burglary031_x264.mp4,Burglary031_x264.mp4,anomaly,Burglary,Burglary/Burglary031_x264.mp4,/content/drive/MyDrive/Anomaly-Videos-Part-1/Anomaly-Videos-Part-1,,mp4,30122329,208.567,30.0,320,240,6257,True,
anomaly/Burglary/Burglary032_x264.mp4,Burglary032_x264.mp4,anomaly,Burglary,Burglary/Burglary032_x264.mp4,/content/drive/MyDrive/Anomaly-Videos-Part-1/Anomaly-Videos-Part-1,,mp4,137105106,526.5,30.0,319,240,15795,True,
anomaly/Burglary/Burglary033_x264.mp4,Burglary033_x264.mp4,anomaly,Burglary,Burglary/Burglary033_x264.mp4,/content/drive/MyDrive/Anomaly-Videos-Part-1/Anomaly-Videos-Part-1,,mp4,12338930,41.967,30.0,320,240,1259,True,
anomaly/Burglary/Burglary034_x264.mp4,Burglary034_x264.mp4,anomaly,Burglary,Burglary/Burglary034_x264.mp4,/content/drive/MyDrive/Anomaly-Videos-Part-1/Anomaly-Videos-Part-1,,mp4,8119579,42.567,30.0,320,240,1277,True,
anomaly/Burglary/Burglary035_x264.mp4,Burglary035_x264.mp4,anomaly,Burglary,Burglary/Burglary035_x264.mp4,/content/drive/MyDrive/Anomaly-Videos-Part-1/Anomaly-Videos-Part-1,,mp4,15183310,135.0,30.0,320,240,4050,True,
anomaly/Burglary/Burglary036_x264.mp4,Burglary036_x264.mp4,anomaly,Burglary,Burglary/Burglary036_x264.mp4,/content/drive/MyDrive/Anomaly-Videos-Part-1/Anomaly-Videos-Part-1,,mp4,7822369,33.433,30.0,319,240,1003,True,
anomaly/Burglary/Burglary037_x264.mp4,Burglary037_x264.mp4,anomaly,Burglary,Burglary/Burglary037_x264.mp4,/content/drive/MyDrive/Anomaly-Videos-Part-1/Anomaly-Videos-Part-1,,mp4,16967972,64.0,30.0,320,240,1920,True,
anomaly/Burglary/Burglary038_x264.mp4,Burglary038_x264.mp4,anomaly,Burglary,Burglary/Burglary038_x264.mp4,/content/drive/MyDrive/Anomaly-Videos-Part-1/Anomaly-Videos-Part-1,,mp4,6436180,29.967,30.0,320,240,899,True,
anomaly/Burglary/Burglary039_x264.mp4,Burglary039_x264.mp4,anomaly,Burglary,Burglary/Burglary039_x264.mp4,/content/drive/MyDrive/Anomaly-Videos-Part-1/Anomaly-Videos-Part-1,,mp4,66943603,314.033,30.0,320,240,9421,True,
anomaly/Burglary/Burglary040_x264.mp4,Burglary040_x264.mp4,anomaly,Burglary,Burglary/Burglary040_x264.mp4,/content/drive/MyDrive/Anomaly-Videos-Part-1/Anomaly-Videos-Part-1,,mp4,24855254,190.067,30.0,319,240,5702,True,
anomaly/Burglary/Burglary041_x264.mp4,Burglary041_x264.mp4,anomaly,Burglary,Burglary/Burglary041_x264.mp4,/content/drive/MyDrive/Anomaly-Videos-Part-1/Anomaly-Videos-Part-1,,mp4,15390352,60.467,30.0,319,240,1814,True,
anomaly/Burglary/Burglary042_x264.mp4,Burglary042_x264.mp4,anomaly,Burglary,Burglary/Burglary042_x264.mp4,/content/drive/MyDrive/Anomaly-Videos-Part-1/Anomaly-Videos-Part-1,,mp4,23859044,141.1,30.0,320,240,4233,True,
anomaly/Burglary/Burglary043_x264.mp4,Burglary043_x264.mp4,anomaly,Burglary,Burglary/Burglary043_x264.mp4,/content/drive/MyDrive/Anomaly-Videos-Part-1/Anomaly-Videos-Part-1,,mp4,2115062,17.967,30.0,319,240,539,True,
anomaly/Burglary/Burglary044_x264.mp4,Burglary044_x264.mp4,anomaly,Burglary,Burglary/Burglary044_x264.mp4,/content/drive/MyDrive/Anomaly-Videos-Part-1/Anomaly-Videos-Part-1,,mp4,57407836,228.667,30.0,319,240,6860,True,
anomaly/Burglary/Burglary045_x264.mp4,Burglary045_x264.mp4,anomaly,Burglary,Burglary/Burglary045_x264.mp4,/content/drive/MyDrive/Anomaly-Videos-Part-1/Anomaly-Videos-Part-1,,mp4,48473956,365.233,30.0,320,240,10957,True,
anomaly/Burglary/Burglary046_x264.mp4,Burglary046_x264.mp4,anomaly,Burglary,Burglary/Burglary046_x264.mp4,/content/drive/MyDrive/Anomaly-Videos-Part-1/Anomaly-Videos-Part-1,,mp4,11855228,76.3,30.0,319,240,2289,True,
anomaly/Burglary/Burglary047_x264.mp4,Burglary047_x264.mp4,anomaly,Burglary,Burglary/Burglary047_x264.mp4,/content/drive/MyDrive/Anomaly-Videos-Part-1/Anomaly-Videos-Part-1,,mp4,14491453,92.0,30.0,320,240,2760,True,
anomaly/Burglary/Burglary048_x264.mp4,Burglary048_x264.mp4,anomaly,Burglary,Burglary/Burglary048_x264.mp4,/content/drive/MyDrive/Anomaly-Videos-Part-1/Anomaly-Videos-Part-1,,mp4,9571545,55.0,30.0,320,240,1650,True,
anomaly/Burglary/Burglary049_x264.mp4,Burglary049_x264.mp4,anomaly,Burglary,Burglary/Burglary049_x264.mp4,/content/drive/MyDrive/Anomaly-Videos-Part-1/Anomaly-Videos-Part-1,,mp4,31349531,307.267,30.0,320,240,9218,True,
anomaly/Burglary/Burglary050_x264.mp4,Burglary050_x264.mp4,anomaly,Burglary,Burglary/Burglary050_x264.mp4,/content/drive/MyDrive/Anomaly-Videos-Part-1/Anomaly-Videos-Part-1,,mp4,6451777,38.1,30.0,320,240,1143,True,
anomaly/Burglary/Burglary051_x264.mp4,Burglary051_x264.mp4,anomaly,Burglary,Burglary/Burglary051_x264.mp4,/content/drive/MyDrive/Anomaly-Videos-Part-1/Anomaly-Videos-Part-1,,mp4,5510238,42.067,30.0,320,240,1262,True,
anomaly/Burglary/Burglary052_x264.mp4,Burglary052_x264.mp4,anomaly,Burglary,Burglary/Burglary052_x264.mp4,/content/drive/MyDrive/Anomaly-Videos-Part-1/Anomaly-Videos-Part-1,,mp4,83104364,332.6,30.0,319,240,9978,True,
anomaly/Burglary/Burglary053_x264.mp4,Burglary053_x264.mp4,anomaly,Burglary,Burglary/Burglary053_x264.mp4,/content/drive/MyDrive/Anomaly-Videos-Part-1/Anomaly-Videos-Part-1,,mp4,21367588,109.033,30.0,320,240,3271,True,
anomaly/Burglary/Burglary054_x264.mp4,Burglary054_x264.mp4,anomaly,Burglary,Burglary/Burglary054_x264.mp4,/content/drive/MyDrive/Anomaly-Videos-Part-1/Anomaly-Videos-Part-1,,mp4,2147615,15.0,30.0,320,240,450,True,
anomaly/Burglary/Burglary055_x264.mp4,Burglary055_x264.mp4,anomaly,Burglary,Burglary/Burglary055_x264.mp4,/content/drive/MyDrive/Anomaly-Videos-Part-1/Anomaly-Videos-Part-1,,mp4,23086645,93.767,30.0,320,240,2813,True,
anomaly/Burglary/Burglary056_x264.mp4,Burglary056_x264.mp4,anomaly,Burglary,Burglary/Burglary056_x264.mp4,/content/drive/MyDrive/Anomaly-Videos-Part-1/Anomaly-Videos-Part-1,,mp4,6660879,47.167,30.0,320,240,1415,True,
anomaly/Burglary/Burglary057_x264.mp4,Burglary057_x264.mp4,anomaly,Burglary,Burglary/Burglary057_x264.mp4,/content/drive/MyDrive/Anomaly-Videos-Part-1/Anomaly-Videos-Part-1,,mp4,49351987,184.567,30.0,320,240,5537,True,
anomaly/Burglary/Burglary058_x264.mp4,Burglary058_x264.mp4,anomaly,Burglary,Burglary/Burglary058_x264.mp4,/content/drive/MyDrive/Anomaly-Videos-Part-1/Anomaly-Videos-Part-1,,mp4,58766384,381.0,30.0,320,240,11430,True,
anomaly/Burglary/Burglary059_x264.mp4,Burglary059_x264.mp4,anomaly,Burglary,Burglary/Burglary059_x264.mp4,/content/drive/MyDrive/Anomaly-Videos-Part-1/Anomaly-Videos-Part-1,,mp4,1942766,14.833,30.0,319,240,445,True,
anomaly/Burglary/Burglary060_x264.mp4,Burglary060_x264.mp4,anomaly,Burglary,Burglary/Burglary060_x264.mp4,/content/drive/MyDrive/Anomaly-Videos-Part-1/Anomaly-Videos-Part-1,,mp4,3924352,25.533,30.0,319,240,766,True,
anomaly/Burglary/Burglary061_x264.mp4,Burglary061_x264.mp4,anomaly,Burglary,Burglary/Burglary061_x264.mp4,/content/drive/MyDrive/Anomaly-Videos-Part-1/Anomaly-Videos-Part-1,,mp4,42642072,299.667,30.0,319,240,8990,True,
anomaly/Burglary/Burglary062_x264.mp4,Burglary062_x264.mp4,anomaly,Burglary,Burglary/Burglary062_x264.mp4,/content/drive/MyDrive/Anomaly-Videos-Part-1/Anomaly-Videos-Part-1,,mp4,44877872,375.133,30.0,318,240,11254,True,
anomaly/Burglary/Burglary063_x264.mp4,Burglary063_x264.mp4,anomaly,Burglary,Burglary/Burglary063_x264.mp4,/content/drive/MyDrive/Anomaly-Videos-Part-1/Anomaly-Videos-Part-1,,mp4,18327319,141.633,30.0,320,240,4249,True,
anomaly/Burglary/Burglary064_x264.mp4,Burglary064_x264.mp4,anomaly,Burglary,Burglary/Burglary064_x264.mp4,/content/drive/MyDrive/Anomaly-Videos-Part-1/Anomaly-Videos-Part-1,,mp4,287959655,1620.8,30.0,320,240,48624,True,
anomaly/Burglary/Burglary065_x264.mp4,Burglary065_x264.mp4,anomaly,Burglary,Burglary/Burglary065_x264.mp4,/content/drive/MyDrive/Anomaly-Videos-Part-1/Anomaly-Videos-Part-1,,mp4,54910029,312.4,30.0,319,240,9372,True,
anomaly/Burglary/Burglary066_x264.mp4,Burglary066_x264.mp4,anomaly,Burglary,Burglary/Burglary066_x264.mp4,/content/drive/MyDrive/Anomaly-Videos-Part-1/Anomaly-Videos-Part-1,,mp4,14764925,73.6,30.0,319,240,2208,True,
anomaly/Burglary/Burglary067_x264.mp4,Burglary067_x264.mp4,anomaly,Burglary,Burglary/Burglary067_x264.mp4,/content/drive/MyDrive/Anomaly-Videos-Part-1/Anomaly-Videos-Part-1,,mp4,11192511,43.733,30.0,319,240,1312,True,
anomaly/Burglary/Burglary068_x264.mp4,Burglary068_x264.mp4,anomaly,Burglary,Burglary/Burglary068_x264.mp4,/content/drive/MyDrive/Anomaly-Videos-Part-1/Anomaly-Videos-Part-1,,mp4,4103130,22.133,30.0,320,240,664,True,
anomaly/Burglary/Burglary069_x264.mp4,Burglary069_x264.mp4,anomaly,Burglary,Burglary/Burglary069_x264.mp4,/content/drive/MyDrive/Anomaly-Videos-Part-1/Anomaly-Videos-Part-1,,mp4,6255491,70.167,30.0,320,240,2105,True,
anomaly/Burglary/Burglary070_x264.mp4,Burglary070_x264.mp4,anomaly,Burglary,Burglary/Burglary070_x264.mp4,/content/drive/MyDrive/Anomaly-Videos-Part-1/Anomaly-Videos-Part-1,,mp4,5747752,26.6,30.0,320,240,798,True,
anomaly/Burglary/Burglary071_x264.mp4,Burglary071_x264.mp4,anomaly,Burglary,Burglary/Burglary071_x264.mp4,/content/drive/MyDrive/Anomaly-Videos-Part-1/Anomaly-Videos-Part-1,,mp4,21135610,119.433,30.0,320,240,3583,True,
anomaly/Burglary/Burglary072_x264.mp4,Burglary072_x264.mp4,anomaly,Burglary,Burglary/Burglary072_x264.mp4,/content/drive/MyDrive/Anomaly-Videos-Part-1/Anomaly-Videos-Part-1,,mp4,21300302,84.8,30.0,319,240,2544,True,
anomaly/Burglary/Burglary073_x264.mp4,Burglary073_x264.mp4,anomaly,Burglary,Burglary/Burglary073_x264.mp4,/content/drive/MyDrive/Anomaly-Videos-Part-1/Anomaly-Videos-Part-1,,mp4,10835806,92.3,30.0,319,240,2769,True,
anomaly/Burglary/Burglary074_x264.mp4,Burglary074_x264.mp4,anomaly,Burglary,Burglary/Burglary074_x264.mp4,/content/drive/MyDrive/Anomaly-Videos-Part-1/Anomaly-Videos-Part-1,,mp4,19633849,74.533,30.0,320,240,2236,True,
anomaly/Burglary/Burglary075_x264.mp4,Burglary075_x264.mp4,anomaly,Burglary,Burglary/Burglary075_x264.mp4,/content/drive/MyDrive/Anomaly-Videos-Part-1/Anomaly-Videos-Part-1,,mp4,127908428,519.967,30.0,320,240,15599,True,
anomaly/Burglary/Burglary076_x264.mp4,Burglary076_x264.mp4,anomaly,Burglary,Burglary/Burglary076_x264.mp4,/content/drive/MyDrive/Anomaly-Videos-Part-1/Anomaly-Videos-Part-1,,mp4,45019543,430.767,30.0,320,240,12923,True,
anomaly/Burglary/Burglary077_x264.mp4,Burglary077_x264.mp4,anomaly,Burglary,Burglary/Burglary077_x264.mp4,/content/drive/MyDrive/Anomaly-Videos-Part-1/Anomaly-Videos-Part-1,,mp4,10754487,63.533,30.0,320,240,1906,True,
anomaly/Burglary/Burglary078_x264.mp4,Burglary078_x264.mp4,anomaly,Burglary,Burglary/Burglary078_x264.mp4,/content/drive/MyDrive/Anomaly-Videos-Part-1/Anomaly-Videos-Part-1,,mp4,1377843,10.0,30.0,320,240,300,True,
anomaly/Burglary/Burglary079_x264.mp4,Burglary079_x264.mp4,anomaly,Burglary,Burglary/Burglary079_x264.mp4,/content/drive/MyDrive/Anomaly-Videos-Part-1/Anomaly-Videos-Part-1,,mp4,58856420,495.1,30.0,320,240,14853,True,
anomaly/Burglary/Burglary080_x264.mp4,Burglary080_x264.mp4,anomaly,Burglary,Burglary/Burglary080_x264.mp4,/content/drive/MyDrive/Anomaly-Videos-Part-1/Anomaly-Videos-Part-1,,mp4,4710827,38.633,30.0,320,240,1159,True,
anomaly/Burglary/Burglary081_x264.mp4,Burglary081_x264.mp4,anomaly,Burglary,Burglary/Burglary081_x264.mp4,/content/drive/MyDrive/Anomaly-Videos-Part-1/Anomaly-Videos-Part-1,,mp4,1038787,13.833,30.0,320,240,415,True,
anomaly/Burglary/Burglary082_x264.mp4,Burglary082_x264.mp4,anomaly,Burglary,Burglary/Burglary082_x264.mp4,/content/drive/MyDrive/Anomaly-Videos-Part-1/Anomaly-Videos-Part-1,,mp4,16552870,92.567,30.0,320,240,2777,True,
anomaly/Burglary/Burglary083_x264.mp4,Burglary083_x264.mp4,anomaly,Burglary,Burglary/Burglary083_x264.mp4,/content/drive/MyDrive/Anomaly-Videos-Part-1/Anomaly-Videos-Part-1,,mp4,39981110,196.0,30.0,320,240,5880,True,
anomaly/Burglary/Burglary084_x264.mp4,Burglary084_x264.mp4,anomaly,Burglary,Burglary/Burglary084_x264.mp4,/content/drive/MyDrive/Anomaly-Videos-Part-1/Anomaly-Videos-Part-1,,mp4,35722872,150.433,30.0,320,240,4513,True,
anomaly/Burglary/Burglary085_x264.mp4,Burglary085_x264.mp4,anomaly,Burglary,Burglary/Burglary085_x264.mp4,/content/drive/MyDrive/Anomaly-Videos-Part-1/Anomaly-Videos-Part-1,,mp4,22112785,96.0,30.0,320,240,2880,True,
anomaly/Burglary/Burglary086_x264.mp4,Burglary086_x264.mp4,anomaly,Burglary,Burglary/Burglary086_x264.mp4,/content/drive/MyDrive/Anomaly-Videos-Part-1/Anomaly-Videos-Part-1,,mp4,23928495,108.233,30.0,319,240,3247,True,
anomaly/Burglary/Burglary087_x264.mp4,Burglary087_x264.mp4,anomaly,Burglary,Burglary/Burglary087_x264.mp4,/content/drive/MyDrive/Anomaly-Videos-Part-1/Anomaly-Videos-Part-1,,mp4,18047691,73.9,30.0,320,240,2217,True,
anomaly/Burglary/Burglary088_x264.mp4,Burglary088_x264.mp4,anomaly,Burglary,Burglary/Burglary088_x264.mp4,/content/drive/MyDrive/Anomaly-Videos-Part-1/Anomaly-Videos-Part-1,,mp4,36896339,162.633,30.0,320,240,4879,True,
anomaly/Burglary/Burglary089_x264.mp4,Burglary089_x264.mp4,anomaly,Burglary,Burglary/Burglary089_x264.mp4,/content/drive/MyDrive/Anomaly-Videos-Part-1/Anomaly-Videos-Part-1,,mp4,26485704,111.9,30.0,320,240,3357,True,
anomaly/Burglary/Burglary090_x264.mp4,Burglary090_x264.mp4,anomaly,Burglary,Burglary/Burglary090_x264.mp4,/content/drive/MyDrive/Anomaly-Videos-Part-1/Anomaly-Videos-Part-1,,mp4,23742092,92.2,30.0,319,240,2766,True,
anomaly/Burglary/Burglary091_x264.mp4,Burglary091_x264.mp4,anomaly,Burglary,Burglary/Burglary091_x264.mp4,/content/drive/MyDrive/Anomaly-Videos-Part-1/Anomaly-Videos-Part-1,,mp4,19595673,110.767,30.0,320,240,3323,True,
anomaly/Burglary/Burglary092_x264.mp4,Burglary092_x264.mp4,anomaly,Burglary,Burglary/Burglary092_x264.mp4,/content/drive/MyDrive/Anomaly-Videos-Part-1/Anomaly-Videos-Part-1,,mp4,4866675,20.833,30.0,320,240,625,True,
anomaly/Burglary/Burglary093_x264.mp4,Burglary093_x264.mp4,anomaly,Burglary,Burglary/Burglary093_x264.mp4,/content/drive/MyDrive/Anomaly-Videos-Part-1/Anomaly-Videos-Part-1,,mp4,4937483,25.4,30.0,320,240,762,True,
anomaly/Burglary/Burglary094_x264.mp4,Burglary094_x264.mp4,anomaly,Burglary,Burglary/Burglary094_x264.mp4,/content/drive/MyDrive/Anomaly-Videos-Part-1/Anomaly-Videos-Part-1,,mp4,5952965,48.033,30.0,320,240,1441,True,
anomaly/Burglary/Burglary095_x264.mp4,Burglary095_x264.mp4,anomaly,Burglary,Burglary/Burglary095_x264.mp4,/content/drive/MyDrive/Anomaly-Videos-Part-1/Anomaly-Videos-Part-1,,mp4,146636079,1355.167,30.0,320,240,40655,True,
anomaly/Burglary/Burglary096_x264.mp4,Burglary096_x264.mp4,anomaly,Burglary,Burglary/Burglary096_x264.mp4,/content/drive/MyDrive/Anomaly-Videos-Part-1/Anomaly-Videos-Part-1,,mp4,60444556,220.967,30.0,320,240,6629,True,
anomaly/Burglary/Burglary097_x264.mp4,Burglary097_x264.mp4,anomaly,Burglary,Burglary/Burglary097_x264.mp4,/content/drive/MyDrive/Anomaly-Videos-Part-1/Anomaly-Videos-Part-1,,mp4,2103414,10.0,30.0,320,240,300,True,
anomaly/Burglary/Burglary098_x264.mp4,Burglary098_x264.mp4,anomaly,Burglary,Burglary/Burglary098_x264.mp4,/content/drive/MyDrive/Anomaly-Videos-Part-1/Anomaly-Videos-Part-1,,mp4,5192880,30.033,30.0,320,240,901,True,
anomaly/Burglary/Burglary099_x264.mp4,Burglary099_x264.mp4,anomaly,Burglary,Burglary/Burglary099_x264.mp4,/content/drive/MyDrive/Anomaly-Videos-Part-1/Anomaly-Videos-Part-1,,mp4,9513860,44.433,30.0,319,240,1333,True,
anomaly/Burglary/Burglary100_x264.mp4,Burglary100_x264.mp4,anomaly,Burglary,Burglary/Burglary100_x264.mp4,/content/drive/MyDrive/Anomaly-Videos-Part-1/Anomaly-Videos-Part-1,,mp4,35443867,246.833,30.0,320,240,7405,True,
anomaly/Explosion/Explosion001_x264.mp4,Explosion001_x264.mp4,anomaly,Explosion,Explosion/Explosion001_x264.mp4,/content/drive/MyDrive/Anomaly-Videos-Part-1/Anomaly-Videos-Part-1,,mp4,1187504,21.167,30.0,320,240,635,True,
anomaly/Explosion/Explosion002_x264.mp4,Explosion002_x264.mp4,anomaly,Explosion,Explosion/Explosion002_x264.mp4,/content/drive/MyDrive/Anomaly-Videos-Part-1/Anomaly-Videos-Part-1,,mp4,19214999,133.767,30.0,320,240,4013,True,
anomaly/Explosion/Explosion003_x264.mp4,Explosion003_x264.mp4,anomaly,Explosion,Explosion/Explosion003_x264.mp4,/content/drive/MyDrive/Anomaly-Videos-Part-1/Anomaly-Videos-Part-1,,mp4,4640041,19.2,30.0,320,240,576,True,
anomaly/Explosion/Explosion004_x264.mp4,Explosion004_x264.mp4,anomaly,Explosion,Explosion/Explosion004_x264.mp4,/content/drive/MyDrive/Anomaly-Videos-Part-1/Anomaly-Videos-Part-1,,mp4,8430120,63.4,30.0,320,240,1902,True,
anomaly/Explosion/Explosion005_x264.mp4,Explosion005_x264.mp4,anomaly,Explosion,Explosion/Explosion005_x264.mp4,/content/drive/MyDrive/Anomaly-Videos-Part-1/Anomaly-Videos-Part-1,,mp4,5730456,23.1,30.0,320,240,693,True,
anomaly/Explosion/Explosion006_x264.mp4,Explosion006_x264.mp4,anomaly,Explosion,Explosion/Explosion006_x264.mp4,/content/drive/MyDrive/Anomaly-Videos-Part-1/Anomaly-Videos-Part-1,,mp4,14168250,64.0,30.0,320,240,1920,True,
anomaly/Explosion/Explosion007_x264.mp4,Explosion007_x264.mp4,anomaly,Explosion,Explosion/Explosion007_x264.mp4,/content/drive/MyDrive/Anomaly-Videos-Part-1/Anomaly-Videos-Part-1,,mp4,134602922,542.967,30.0,320,240,16289,True,
anomaly/Explosion/Explosion008_x264.mp4,Explosion008_x264.mp4,anomaly,Explosion,Explosion/Explosion008_x264.mp4,/content/drive/MyDrive/Anomaly-Videos-Part-1/Anomaly-Videos-Part-1,,mp4,10410861,58.267,30.0,320,240,1748,True,
anomaly/Explosion/Explosion009_x264.mp4,Explosion009_x264.mp4,anomaly,Explosion,Explosion/Explosion009_x264.mp4,/content/drive/MyDrive/Anomaly-Videos-Part-1/Anomaly-Videos-Part-1,,mp4,9574910,36.7,30.0,318,240,1101,True,
anomaly/Explosion/Explosion010_x264.mp4,Explosion010_x264.mp4,anomaly,Explosion,Explosion/Explosion010_x264.mp4,/content/drive/MyDrive/Anomaly-Videos-Part-1/Anomaly-Videos-Part-1,,mp4,12146245,83.267,30.0,320,240,2498,True,
anomaly/Explosion/Explosion011_x264.mp4,Explosion011_x264.mp4,anomaly,Explosion,Explosion/Explosion011_x264.mp4,/content/drive/MyDrive/Anomaly-Videos-Part-1/Anomaly-Videos-Part-1,,mp4,13122442,52.367,30.0,320,240,1571,True,
anomaly/Explosion/Explosion012_x264.mp4,Explosion012_x264.mp4,anomaly,Explosion,Explosion/Explosion012_x264.mp4,/content/drive/MyDrive/Anomaly-Videos-Part-1/Anomaly-Videos-Part-1,,mp4,5078199,24.467,30.0,320,240,734,True,
anomaly/Explosion/Explosion013_x264.mp4,Explosion013_x264.mp4,anomaly,Explosion,Explosion/Explosion013_x264.mp4,/content/drive/MyDrive/Anomaly-Videos-Part-1/Anomaly-Videos-Part-1,,mp4,16418748,110.567,30.0,320,240,3317,True,
anomaly/Explosion/Explosion014_x264.mp4,Explosion014_x264.mp4,anomaly,Explosion,Explosion/Explosion014_x264.mp4,/content/drive/MyDrive/Anomaly-Videos-Part-1/Anomaly-Videos-Part-1,,mp4,6543112,43.067,30.0,320,240,1292,True,
anomaly/Explosion/Explosion015_x264.mp4,Explosion015_x264.mp4,anomaly,Explosion,Explosion/Explosion015_x264.mp4,/content/drive/MyDrive/Anomaly-Videos-Part-1/Anomaly-Videos-Part-1,,mp4,7052611,29.333,30.0,320,240,880,True,
anomaly/Explosion/Explosion016_x264.mp4,Explosion016_x264.mp4,anomaly,Explosion,Explosion/Explosion016_x264.mp4,/content/drive/MyDrive/Anomaly-Videos-Part-1/Anomaly-Videos-Part-1,,mp4,4523207,32.1,30.0,320,240,963,True,
anomaly/Explosion/Explosion017_x264.mp4,Explosion017_x264.mp4,anomaly,Explosion,Explosion/Explosion017_x264.mp4,/content/drive/MyDrive/Anomaly-Videos-Part-1/Anomaly-Videos-Part-1,,mp4,12906098,54.767,30.0,320,240,1643,True,
anomaly/Explosion/Explosion018_x264.mp4,Explosion018_x264.mp4,anomaly,Explosion,Explosion/Explosion018_x264.mp4,/content/drive/MyDrive/Anomaly-Videos-Part-1/Anomaly-Videos-Part-1,,mp4,12446031,51.067,30.0,320,240,1532,True,
anomaly/Explosion/Explosion019_x264.mp4,Explosion019_x264.mp4,anomaly,Explosion,Explosion/Explosion019_x264.mp4,/content/drive/MyDrive/Anomaly-Videos-Part-1/Anomaly-Videos-Part-1,,mp4,3053230,11.967,30.0,320,240,359,True,
anomaly/Explosion/Explosion020_x264.mp4,Explosion020_x264.mp4,anomaly,Explosion,Explosion/Explosion020_x264.mp4,/content/drive/MyDrive/Anomaly-Videos-Part-1/Anomaly-Videos-Part-1,,mp4,10307124,43.033,30.0,320,240,1291,True,
anomaly/Explosion/Explosion021_x264.mp4,Explosion021_x264.mp4,anomaly,Explosion,Explosion/Explosion021_x264.mp4,/content/drive/MyDrive/Anomaly-Videos-Part-1/Anomaly-Videos-Part-1,,mp4,7052804,26.067,30.0,320,240,782,True,
anomaly/Explosion/Explosion022_x264.mp4,Explosion022_x264.mp4,anomaly,Explosion,Explosion/Explosion022_x264.mp4,/content/drive/MyDrive/Anomaly-Videos-Part-1/Anomaly-Videos-Part-1,,mp4,13055274,119.8,30.0,319,240,3594,True,
anomaly/Explosion/Explosion023_x264.mp4,Explosion023_x264.mp4,anomaly,Explosion,Explosion/Explosion023_x264.mp4,/content/drive/MyDrive/Anomaly-Videos-Part-1/Anomaly-Videos-Part-1,,mp4,11552332,77.833,30.0,320,240,2335,True,
anomaly/Explosion/Explosion024_x264.mp4,Explosion024_x264.mp4,anomaly,Explosion,Explosion/Explosion024_x264.mp4,/content/drive/MyDrive/Anomaly-Videos-Part-1/Anomaly-Videos-Part-1,,mp4,6502002,41.967,30.0,319,240,1259,True,
anomaly/Explosion/Explosion025_x264.mp4,Explosion025_x264.mp4,anomaly,Explosion,Explosion/Explosion025_x264.mp4,/content/drive/MyDrive/Anomaly-Videos-Part-1/Anomaly-Videos-Part-1,,mp4,4472093,16.833,30.0,320,240,505,True,
anomaly/Explosion/Explosion026_x264.mp4,Explosion026_x264.mp4,anomaly,Explosion,Explosion/Explosion026_x264.mp4,/content/drive/MyDrive/Anomaly-Videos-Part-1/Anomaly-Videos-Part-1,,mp4,18770808,86.233,30.0,320,240,2587,True,
anomaly/Explosion/Explosion027_x264.mp4,Explosion027_x264.mp4,anomaly,Explosion,Explosion/Explosion027_x264.mp4,/content/drive/MyDrive/Anomaly-Videos-Part-1/Anomaly-Videos-Part-1,,mp4,6769094,25.867,30.0,320,240,776,True,
anomaly/Explosion/Explosion028_x264.mp4,Explosion028_x264.mp4,anomaly,Explosion,Explosion/Explosion028_x264.mp4,/content/drive/MyDrive/Anomaly-Videos-Part-1/Anomaly-Videos-Part-1,,mp4,10208627,56.833,30.0,319,240,1705,True,
anomaly/Explosion/Explosion029_x264.mp4,Explosion029_x264.mp4,anomaly,Explosion,Explosion/Explosion029_x264.mp4,/content/drive/MyDrive/Anomaly-Videos-Part-1/Anomaly-Videos-Part-1,,mp4,6866873,80.333,30.0,320,240,2410,True,
anomaly/Explosion/Explosion030_x264.mp4,Explosion030_x264.mp4,anomaly,Explosion,Explosion/Explosion030_x264.mp4,/content/drive/MyDrive/Anomaly-Videos-Part-1/Anomaly-Videos-Part-1,,mp4,28510529,108.133,30.0,320,240,3244,True,
anomaly/Explosion/Explosion032_x264.mp4,Explosion032_x264.mp4,anomaly,Explosion,Explosion/Explosion032_x264.mp4,/content/drive/MyDrive/Anomaly-Videos-Part-1/Anomaly-Videos-Part-1,,mp4,16390779,70.6,30.0,320,240,2118,True,
anomaly/Explosion/Explosion033_x264.mp4,Explosion033_x264.mp4,anomaly,Explosion,Explosion/Explosion033_x264.mp4,/content/drive/MyDrive/Anomaly-Videos-Part-1/Anomaly-Videos-Part-1,,mp4,26449313,105.133,30.0,320,240,3154,True,
anomaly/Explosion/Explosion034_x264.mp4,Explosion034_x264.mp4,anomaly,Explosion,Explosion/Explosion034_x264.mp4,/content/drive/MyDrive/Anomaly-Videos-Part-1/Anomaly-Videos-Part-1,,mp4,1055613,13.8,30.0,320,240,414,True,
anomaly/Explosion/Explosion035_x264.mp4,Explosion035_x264.mp4,anomaly,Explosion,Explosion/Explosion035_x264.mp4,/content/drive/MyDrive/Anomaly-Videos-Part-1/Anomaly-Videos-Part-1,,mp4,17106586,95.5,30.0,320,240,2865,True,
anomaly/Explosion/Explosion036_x264.mp4,Explosion036_x264.mp4,anomaly,Explosion,Explosion/Explosion036_x264.mp4,/content/drive/MyDrive/Anomaly-Videos-Part-1/Anomaly-Videos-Part-1,,mp4,42413815,177.567,30.0,320,240,5327,True,
anomaly/Explosion/Explosion037_x264.mp4,Explosion037_x264.mp4,anomaly,Explosion,Explosion/Explosion037_x264.mp4,/content/drive/MyDrive/Anomaly-Videos-Part-1/Anomaly-Videos-Part-1,,mp4,7670597,32.067,30.0,320,240,962,True,
anomaly/Explosion/Explosion038_x264.mp4,Explosion038_x264.mp4,anomaly,Explosion,Explosion/Explosion038_x264.mp4,/content/drive/MyDrive/Anomaly-Videos-Part-1/Anomaly-Videos-Part-1,,mp4,23949931,90.1,30.0,320,240,2703,True,
anomaly/Explosion/Explosion039_x264.mp4,Explosion039_x264.mp4,anomaly,Explosion,Explosion/Explosion039_x264.mp4,/content/drive/MyDrive/Anomaly-Videos-Part-1/Anomaly-Videos-Part-1,,mp4,8394654,33.267,30.0,319,240,998,True,
anomaly/Explosion/Explosion040_x264.mp4,Explosion040_x264.mp4,anomaly,Explosion,Explosion/Explosion040_x264.mp4,/content/drive/MyDrive/Anomaly-Videos-Part-1/Anomaly-Videos-Part-1,,mp4,42257177,152.367,30.0,320,240,4571,True,
anomaly/Explosion/Explosion041_x264.mp4,Explosion041_x264.mp4,anomaly,Explosion,Explosion/Explosion041_x264.mp4,/content/drive/MyDrive/Anomaly-Videos-Part-1/Anomaly-Videos-Part-1,,mp4,22722232,91.833,30.0,320,240,2755,True,
anomaly/Explosion/Explosion042_x264.mp4,Explosion042_x264.mp4,anomaly,Explosion,Explosion/Explosion042_x264.mp4,/content/drive/MyDrive/Anomaly-Videos-Part-1/Anomaly-Videos-Part-1,,mp4,23825856,92.167,30.0,320,240,2765,True,
anomaly/Explosion/Explosion043_x264.mp4,Explosion043_x264.mp4,anomaly,Explosion,Explosion/Explosion043_x264.mp4,/content/drive/MyDrive/Anomaly-Videos-Part-1/Anomaly-Videos-Part-1,,mp4,45110129,254.867,30.0,319,240,7646,True,
anomaly/Explosion/Explosion044_x264.mp4,Explosion044_x264.mp4,anomaly,Explosion,Explosion/Explosion044_x264.mp4,/content/drive/MyDrive/Anomaly-Videos-Part-1/Anomaly-Videos-Part-1,,mp4,4384042,24.0,30.0,320,240,720,True,
anomaly/Explosion/Explosion045_x264.mp4,Explosion045_x264.mp4,anomaly,Explosion,Explosion/Explosion045_x264.mp4,/content/drive/MyDrive/Anomaly-Videos-Part-1/Anomaly-Videos-Part-1,,mp4,6730946,25.233,30.0,319,240,757,True,
anomaly/Explosion/Explosion046_x264.mp4,Explosion046_x264.mp4,anomaly,Explosion,Explosion/Explosion046_x264.mp4,/content/drive/MyDrive/Anomaly-Videos-Part-1/Anomaly-Videos-Part-1,,mp4,1190689668,4730.0,30.0,320,240,141900,True,
anomaly/Explosion/Explosion047_x264.mp4,Explosion047_x264.mp4,anomaly,Explosion,Explosion/Explosion047_x264.mp4,/content/drive/MyDrive/Anomaly-Videos-Part-1/Anomaly-Videos-Part-1,,mp4,6539763,46.233,30.0,320,240,1387,True,
anomaly/Explosion/Explosion048_x264.mp4,Explosion048_x264.mp4,anomaly,Explosion,Explosion/Explosion048_x264.mp4,/content/drive/MyDrive/Anomaly-Videos-Part-1/Anomaly-Videos-Part-1,,mp4,3382338,15.3,30.0,320,240,459,True,
anomaly/Explosion/Explosion050_x264.mp4,Explosion050_x264.mp4,anomaly,Explosion,Explosion/Explosion050_x264.mp4,/content/drive/MyDrive/Anomaly-Videos-Part-1/Anomaly-Videos-Part-1,,mp4,1922144,9.2,30.0,320,240,276,True,
anomaly/Explosion/Explosion051_x264.mp4,Explosion051_x264.mp4,anomaly,Explosion,Explosion/Explosion051_x264.mp4,/content/drive/MyDrive/Anomaly-Videos-Part-1/Anomaly-Videos-Part-1,,mp4,14177060,94.0,30.0,320,240,2820,True,
anomaly/Explosion/Explosion052_x264.mp4,Explosion052_x264.mp4,anomaly,Explosion,Explosion/Explosion052_x264.mp4,/content/drive/MyDrive/Anomaly-Videos-Part-1/Anomaly-Videos-Part-1,,mp4,33194213,121.767,30.0,320,240,3653,True,
anomaly/Fighting/Fighting002_x264.mp4,Fighting002_x264.mp4,anomaly,Fighting,Fighting/Fighting002_x264.mp4,/content/drive/MyDrive/Anomaly-Videos-Part-1/Anomaly-Videos-Part-1,,mp4,16956492,89.6,30.0,320,240,2688,True,
anomaly/Fighting/Fighting003_x264.mp4,Fighting003_x264.mp4,anomaly,Fighting,Fighting/Fighting003_x264.mp4,/content/drive/MyDrive/Anomaly-Videos-Part-1/Anomaly-Videos-Part-1,,mp4,28076150,103.4,30.0,319,240,3102,True,
anomaly/Fighting/Fighting004_x264.mp4,Fighting004_x264.mp4,anomaly,Fighting,Fighting/Fighting004_x264.mp4,/content/drive/MyDrive/Anomaly-Videos-Part-1/Anomaly-Videos-Part-1,,mp4,121757725,559.233,30.0,320,240,16777,True,
anomaly/Fighting/Fighting005_x264.mp4,Fighting005_x264.mp4,anomaly,Fighting,Fighting/Fighting005_x264.mp4,/content/drive/MyDrive/Anomaly-Videos-Part-1/Anomaly-Videos-Part-1,,mp4,8534771,59.467,30.0,320,240,1784,True,
anomaly/Fighting/Fighting006_x264.mp4,Fighting006_x264.mp4,anomaly,Fighting,Fighting/Fighting006_x264.mp4,/content/drive/MyDrive/Anomaly-Videos-Part-1/Anomaly-Videos-Part-1,,mp4,9147032,31.467,30.0,320,240,944,True,
anomaly/Fighting/Fighting007_x264.mp4,Fighting007_x264.mp4,anomaly,Fighting,Fighting/Fighting007_x264.mp4,/content/drive/MyDrive/Anomaly-Videos-Part-1/Anomaly-Videos-Part-1,,mp4,31344116,126.467,30.0,320,240,3794,True,
anomaly/Fighting/Fighting008_x264.mp4,Fighting008_x264.mp4,anomaly,Fighting,Fighting/Fighting008_x264.mp4,/content/drive/MyDrive/Anomaly-Videos-Part-1/Anomaly-Videos-Part-1,,mp4,110842342,437.8,30.0,320,240,13134,True,
anomaly/Fighting/Fighting009_x264.mp4,Fighting009_x264.mp4,anomaly,Fighting,Fighting/Fighting009_x264.mp4,/content/drive/MyDrive/Anomaly-Videos-Part-1/Anomaly-Videos-Part-1,,mp4,17860208,71.067,30.0,320,240,2132,True,
anomaly/Fighting/Fighting010_x264.mp4,Fighting010_x264.mp4,anomaly,Fighting,Fighting/Fighting010_x264.mp4,/content/drive/MyDrive/Anomaly-Videos-Part-1/Anomaly-Videos-Part-1,,mp4,45606324,195.5,30.0,320,240,5865,True,
anomaly/Fighting/Fighting011_x264.mp4,Fighting011_x264.mp4,anomaly,Fighting,Fighting/Fighting011_x264.mp4,/content/drive/MyDrive/Anomaly-Videos-Part-1/Anomaly-Videos-Part-1,,mp4,69021009,274.667,30.0,320,240,8240,True,
anomaly/Fighting/Fighting012_x264.mp4,Fighting012_x264.mp4,anomaly,Fighting,Fighting/Fighting012_x264.mp4,/content/drive/MyDrive/Anomaly-Videos-Part-1/Anomaly-Videos-Part-1,,mp4,9506976,38.967,30.0,320,240,1169,True,
anomaly/Fighting/Fighting013_x264.mp4,Fighting013_x264.mp4,anomaly,Fighting,Fighting/Fighting013_x264.mp4,/content/drive/MyDrive/Anomaly-Videos-Part-1/Anomaly-Videos-Part-1,,mp4,12413136,47.8,30.0,320,240,1434,True,
anomaly/Fighting/Fighting014_x264.mp4,Fighting014_x264.mp4,anomaly,Fighting,Fighting/Fighting014_x264.mp4,/content/drive/MyDrive/Anomaly-Videos-Part-1/Anomaly-Videos-Part-1,,mp4,38691052,156.8,30.0,320,240,4704,True,
anomaly/Fighting/Fighting015_x264.mp4,Fighting015_x264.mp4,anomaly,Fighting,Fighting/Fighting015_x264.mp4,/content/drive/MyDrive/Anomaly-Videos-Part-1/Anomaly-Videos-Part-1,,mp4,88233589,330.833,30.0,320,240,9925,True,
anomaly/Fighting/Fighting016_x264.mp4,Fighting016_x264.mp4,anomaly,Fighting,Fighting/Fighting016_x264.mp4,/content/drive/MyDrive/Anomaly-Videos-Part-1/Anomaly-Videos-Part-1,,mp4,22400970,96.767,30.0,320,240,2903,True,
anomaly/Fighting/Fighting017_x264.mp4,Fighting017_x264.mp4,anomaly,Fighting,Fighting/Fighting017_x264.mp4,/content/drive/MyDrive/Anomaly-Videos-Part-1/Anomaly-Videos-Part-1,,mp4,18930560,69.267,30.0,320,240,2078,True,
anomaly/Fighting/Fighting018_x264.mp4,Fighting018_x264.mp4,anomaly,Fighting,Fighting/Fighting018_x264.mp4,/content/drive/MyDrive/Anomaly-Videos-Part-1/Anomaly-Videos-Part-1,,mp4,5519077,46.3,30.0,320,240,1389,True,
anomaly/Fighting/Fighting019_x264.mp4,Fighting019_x264.mp4,anomaly,Fighting,Fighting/Fighting019_x264.mp4,/content/drive/MyDrive/Anomaly-Videos-Part-1/Anomaly-Videos-Part-1,,mp4,26035495,107.1,30.0,320,240,3213,True,
anomaly/Fighting/Fighting020_x264.mp4,Fighting020_x264.mp4,anomaly,Fighting,Fighting/Fighting020_x264.mp4,/content/drive/MyDrive/Anomaly-Videos-Part-1/Anomaly-Videos-Part-1,,mp4,18413539,73.567,30.0,318,240,2207,True,
anomaly/Fighting/Fighting021_x264.mp4,Fighting021_x264.mp4,anomaly,Fighting,Fighting/Fighting021_x264.mp4,/content/drive/MyDrive/Anomaly-Videos-Part-1/Anomaly-Videos-Part-1,,mp4,30379660,118.9,30.0,320,240,3567,True,
anomaly/Fighting/Fighting022_x264.mp4,Fighting022_x264.mp4,anomaly,Fighting,Fighting/Fighting022_x264.mp4,/content/drive/MyDrive/Anomaly-Videos-Part-1/Anomaly-Videos-Part-1,,mp4,36052528,145.1,30.0,320,240,4353,True,
anomaly/Fighting/Fighting023_x264.mp4,Fighting023_x264.mp4,anomaly,Fighting,Fighting/Fighting023_x264.mp4,/content/drive/MyDrive/Anomaly-Videos-Part-1/Anomaly-Videos-Part-1,,mp4,3445440,34.167,30.0,320,240,1025,True,
anomaly/Fighting/Fighting024_x264.mp4,Fighting024_x264.mp4,anomaly,Fighting,Fighting/Fighting024_x264.mp4,/content/drive/MyDrive/Anomaly-Videos-Part-1/Anomaly-Videos-Part-1,,mp4,54892178,218.1,30.0,320,240,6543,True,
anomaly/Fighting/Fighting025_x264.mp4,Fighting025_x264.mp4,anomaly,Fighting,Fighting/Fighting025_x264.mp4,/content/drive/MyDrive/Anomaly-Videos-Part-1/Anomaly-Videos-Part-1,,mp4,42990902,159.367,30.0,320,240,4781,True,
anomaly/Fighting/Fighting026_x264.mp4,Fighting026_x264.mp4,anomaly,Fighting,Fighting/Fighting026_x264.mp4,/content/drive/MyDrive/Anomaly-Videos-Part-1/Anomaly-Videos-Part-1,,mp4,16126352,116.7,30.0,320,240,3501,True,
anomaly/Fighting/Fighting027_x264.mp4,Fighting027_x264.mp4,anomaly,Fighting,Fighting/Fighting027_x264.mp4,/content/drive/MyDrive/Anomaly-Videos-Part-1/Anomaly-Videos-Part-1,,mp4,33464183,128.367,30.0,319,240,3851,True,
anomaly/Fighting/Fighting028_x264.mp4,Fighting028_x264.mp4,anomaly,Fighting,Fighting/Fighting028_x264.mp4,/content/drive/MyDrive/Anomaly-Videos-Part-1/Anomaly-Videos-Part-1,,mp4,22494921,80.767,30.0,319,240,2423,True,
anomaly/Fighting/Fighting029_x264.mp4,Fighting029_x264.mp4,anomaly,Fighting,Fighting/Fighting029_x264.mp4,/content/drive/MyDrive/Anomaly-Videos-Part-1/Anomaly-Videos-Part-1,,mp4,20245334,145.833,30.0,320,240,4375,True,
anomaly/Fighting/Fighting030_x264.mp4,Fighting030_x264.mp4,anomaly,Fighting,Fighting/Fighting030_x264.mp4,/content/drive/MyDrive/Anomaly-Videos-Part-1/Anomaly-Videos-Part-1,,mp4,17024220,74.7,30.0,319,240,2241,True,
anomaly/Fighting/Fighting031_x264.mp4,Fighting031_x264.mp4,anomaly,Fighting,Fighting/Fighting031_x264.mp4,/content/drive/MyDrive/Anomaly-Videos-Part-1/Anomaly-Videos-Part-1,,mp4,77928450,300.033,30.0,319,240,9001,True,
anomaly/Fighting/Fighting032_x264.mp4,Fighting032_x264.mp4,anomaly,Fighting,Fighting/Fighting032_x264.mp4,/content/drive/MyDrive/Anomaly-Videos-Part-1/Anomaly-Videos-Part-1,,mp4,12045086,44.767,30.0,319,240,1343,True,
anomaly/Fighting/Fighting033_x264.mp4,Fighting033_x264.mp4,anomaly,Fighting,Fighting/Fighting033_x264.mp4,/content/drive/MyDrive/Anomaly-Videos-Part-1/Anomaly-Videos-Part-1,,mp4,8078251,36.833,30.0,320,240,1105,True,
anomaly/Fighting/Fighting034_x264.mp4,Fighting034_x264.mp4,anomaly,Fighting,Fighting/Fighting034_x264.mp4,/content/drive/MyDrive/Anomaly-Videos-Part-1/Anomaly-Videos-Part-1,,mp4,46091937,208.867,30.0,245,240,6266,True,
anomaly/Fighting/Fighting035_x264.mp4,Fighting035_x264.mp4,anomaly,Fighting,Fighting/Fighting035_x264.mp4,/content/drive/MyDrive/Anomaly-Videos-Part-1/Anomaly-Videos-Part-1,,mp4,6793254,32.033,30.0,319,240,961,True,
anomaly/Fighting/Fighting036_x264.mp4,Fighting036_x264.mp4,anomaly,Fighting,Fighting/Fighting036_x264.mp4,/content/drive/MyDrive/Anomaly-Videos-Part-1/Anomaly-Videos-Part-1,,mp4,31597724,125.967,30.0,320,240,3779,True,
anomaly/Fighting/Fighting037_x264.mp4,Fighting037_x264.mp4,anomaly,Fighting,Fighting/Fighting037_x264.mp4,/content/drive/MyDrive/Anomaly-Videos-Part-1/Anomaly-Videos-Part-1,,mp4,32343397,145.233,30.0,319,240,4357,True,
anomaly/Fighting/Fighting038_x264.mp4,Fighting038_x264.mp4,anomaly,Fighting,Fighting/Fighting038_x264.mp4,/content/drive/MyDrive/Anomaly-Videos-Part-1/Anomaly-Videos-Part-1,,mp4,6099419,26.767,30.0,320,240,803,True,
anomaly/Fighting/Fighting039_x264.mp4,Fighting039_x264.mp4,anomaly,Fighting,Fighting/Fighting039_x264.mp4,/content/drive/MyDrive/Anomaly-Videos-Part-1/Anomaly-Videos-Part-1,,mp4,59682298,227.4,30.0,320,240,6822,True,
anomaly/Fighting/Fighting040_x264.mp4,Fighting040_x264.mp4,anomaly,Fighting,Fighting/Fighting040_x264.mp4,/content/drive/MyDrive/Anomaly-Videos-Part-1/Anomaly-Videos-Part-1,,mp4,14026415,77.633,30.0,320,240,2329,True,
anomaly/Fighting/Fighting041_x264.mp4,Fighting041_x264.mp4,anomaly,Fighting,Fighting/Fighting041_x264.mp4,/content/drive/MyDrive/Anomaly-Videos-Part-1/Anomaly-Videos-Part-1,,mp4,205084749,1054.733,30.0,320,240,31642,True,
anomaly/Fighting/Fighting042_x264.mp4,Fighting042_x264.mp4,anomaly,Fighting,Fighting/Fighting042_x264.mp4,/content/drive/MyDrive/Anomaly-Videos-Part-1/Anomaly-Videos-Part-1,,mp4,17918073,74.567,30.0,319,240,2237,True,
anomaly/Fighting/Fighting043_x264.mp4,Fighting043_x264.mp4,anomaly,Fighting,Fighting/Fighting043_x264.mp4,/content/drive/MyDrive/Anomaly-Videos-Part-1/Anomaly-Videos-Part-1,,mp4,27088160,104.767,30.0,318,240,3143,True,
anomaly/Fighting/Fighting044_x264.mp4,Fighting044_x264.mp4,anomaly,Fighting,Fighting/Fighting044_x264.mp4,/content/drive/MyDrive/Anomaly-Videos-Part-1/Anomaly-Videos-Part-1,,mp4,53829387,209.533,30.0,319,240,6286,True,
anomaly/Fighting/Fighting045_x264.mp4,Fighting045_x264.mp4,anomaly,Fighting,Fighting/Fighting045_x264.mp4,/content/drive/MyDrive/Anomaly-Videos-Part-1/Anomaly-Videos-Part-1,,mp4,51054642,197.167,30.0,320,240,5915,True,
anomaly/Fighting/Fighting046_x264.mp4,Fighting046_x264.mp4,anomaly,Fighting,Fighting/Fighting046_x264.mp4,/content/drive/MyDrive/Anomaly-Videos-Part-1/Anomaly-Videos-Part-1,,mp4,24558635,99.833,30.0,320,240,2995,True,
anomaly/Fighting/Fighting047_x264.mp4,Fighting047_x264.mp4,anomaly,Fighting,Fighting/Fighting047_x264.mp4,/content/drive/MyDrive/Anomaly-Videos-Part-1/Anomaly-Videos-Part-1,,mp4,26575252,148.633,30.0,319,240,4459,True,
anomaly/Fighting/Fighting048_x264.mp4,Fighting048_x264.mp4,anomaly,Fighting,Fighting/Fighting048_x264.mp4,/content/drive/MyDrive/Anomaly-Videos-Part-1/Anomaly-Videos-Part-1,,mp4,52126697,229.6,30.0,320,240,6888,True,
anomaly/Fighting/Fighting049_x264.mp4,Fighting049_x264.mp4,anomaly,Fighting,Fighting/Fighting049_x264.mp4,/content/drive/MyDrive/Anomaly-Videos-Part-1/Anomaly-Videos-Part-1,,mp4,8719638,51.667,30.0,320,240,1550,True,
anomaly/Fighting/Fighting050_x264.mp4,Fighting050_x264.mp4,anomaly,Fighting,Fighting/Fighting050_x264.mp4,/content/drive/MyDrive/Anomaly-Videos-Part-1/Anomaly-Videos-Part-1,,mp4,238248264,875.467,30.0,320,240,26264,True,
anomaly/Fighting/Fighting051_x264.mp4,Fighting051_x264.mp4,anomaly,Fighting,Fighting/Fighting051_x264.mp4,/content/drive/MyDrive/Anomaly-Videos-Part-1/Anomaly-Videos-Part-1,,mp4,54988600,220.267,30.0,320,240,6608,True,
anomaly/RoadAccidents/RoadAccidents001_x264.mp4,RoadAccidents001_x264.mp4,anomaly,RoadAccidents,RoadAccidents/RoadAccidents001_x264.mp4,/content/drive/MyDrive/Anomaly-Videos-Part-1/Anomaly-Videos-Part-1,,mp4,9440348,45.533,30.0,319,240,1366,True,
anomaly/RoadAccidents/RoadAccidents002_x264.mp4,RoadAccidents002_x264.mp4,anomaly,RoadAccidents,RoadAccidents/RoadAccidents002_x264.mp4,/content/drive/MyDrive/Anomaly-Videos-Part-1/Anomaly-Videos-Part-1,,mp4,2918531,11.567,30.0,318,240,347,True,
anomaly/RoadAccidents/RoadAccidents003_x264.mp4,RoadAccidents003_x264.mp4,anomaly,RoadAccidents,RoadAccidents/RoadAccidents003_x264.mp4,/content/drive/MyDrive/Anomaly-Videos-Part-1/Anomaly-Videos-Part-1,,mp4,12180288,49.433,30.0,320,240,1483,True,
anomaly/RoadAccidents/RoadAccidents004_x264.mp4,RoadAccidents004_x264.mp4,anomaly,RoadAccidents,RoadAccidents/RoadAccidents004_x264.mp4,/content/drive/MyDrive/Anomaly-Videos-Part-1/Anomaly-Videos-Part-1,,mp4,3341800,12.967,30.0,320,240,389,True,
anomaly/RoadAccidents/RoadAccidents005_x264.mp4,RoadAccidents005_x264.mp4,anomaly,RoadAccidents,RoadAccidents/RoadAccidents005_x264.mp4,/content/drive/MyDrive/Anomaly-Videos-Part-1/Anomaly-Videos-Part-1,,mp4,1693985,7.467,30.0,320,240,224,True,
anomaly/RoadAccidents/RoadAccidents006_x264.mp4,RoadAccidents006_x264.mp4,anomaly,RoadAccidents,RoadAccidents/RoadAccidents006_x264.mp4,/content/drive/MyDrive/Anomaly-Videos-Part-1/Anomaly-Videos-Part-1,,mp4,10642571,56.367,30.0,320,240,1691,True,
anomaly/RoadAccidents/RoadAccidents007_x264.mp4,RoadAccidents007_x264.mp4,anomaly,RoadAccidents,RoadAccidents/RoadAccidents007_x264.mp4,/content/drive/MyDrive/Anomaly-Videos-Part-1/Anomaly-Videos-Part-1,,mp4,9067172,36.7,30.0,320,240,1101,True,
anomaly/RoadAccidents/RoadAccidents008_x264.mp4,RoadAccidents008_x264.mp4,anomaly,RoadAccidents,RoadAccidents/RoadAccidents008_x264.mp4,/content/drive/MyDrive/Anomaly-Videos-Part-1/Anomaly-Videos-Part-1,,mp4,9535311,44.233,30.0,320,240,1327,True,
anomaly/RoadAccidents/RoadAccidents009_x264.mp4,RoadAccidents009_x264.mp4,anomaly,RoadAccidents,RoadAccidents/RoadAccidents009_x264.mp4,/content/drive/MyDrive/Anomaly-Videos-Part-1/Anomaly-Videos-Part-1,,mp4,7462533,30.6,30.0,320,240,918,True,
anomaly/RoadAccidents/RoadAccidents010_x264.mp4,RoadAccidents010_x264.mp4,anomaly,RoadAccidents,RoadAccidents/RoadAccidents010_x264.mp4,/content/drive/MyDrive/Anomaly-Videos-Part-1/Anomaly-Videos-Part-1,,mp4,4168649,17.6,30.0,320,240,528,True,
anomaly/RoadAccidents/RoadAccidents011_x264.mp4,RoadAccidents011_x264.mp4,anomaly,RoadAccidents,RoadAccidents/RoadAccidents011_x264.mp4,/content/drive/MyDrive/Anomaly-Videos-Part-1/Anomaly-Videos-Part-1,,mp4,18832265,71.967,30.0,320,240,2159,True,
anomaly/RoadAccidents/RoadAccidents012_x264.mp4,RoadAccidents012_x264.mp4,anomaly,RoadAccidents,RoadAccidents/RoadAccidents012_x264.mp4,/content/drive/MyDrive/Anomaly-Videos-Part-1/Anomaly-Videos-Part-1,,mp4,3721201,15.6,30.0,320,240,468,True,
anomaly/RoadAccidents/RoadAccidents013_x264.mp4,RoadAccidents013_x264.mp4,anomaly,RoadAccidents,RoadAccidents/RoadAccidents013_x264.mp4,/content/drive/MyDrive/Anomaly-Videos-Part-1/Anomaly-Videos-Part-1,,mp4,14490312,57.633,30.0,320,240,1729,True,
anomaly/RoadAccidents/RoadAccidents014_x264.mp4,RoadAccidents014_x264.mp4,anomaly,RoadAccidents,RoadAccidents/RoadAccidents014_x264.mp4,/content/drive/MyDrive/Anomaly-Videos-Part-1/Anomaly-Videos-Part-1,,mp4,98913587,396.5,30.0,320,240,11895,True,
anomaly/RoadAccidents/RoadAccidents015_x264.mp4,RoadAccidents015_x264.mp4,anomaly,RoadAccidents,RoadAccidents/RoadAccidents015_x264.mp4,/content/drive/MyDrive/Anomaly-Videos-Part-1/Anomaly-Videos-Part-1,,mp4,10286120,44.9,30.0,320,240,1347,True,
anomaly/RoadAccidents/RoadAccidents016_x264.mp4,RoadAccidents016_x264.mp4,anomaly,RoadAccidents,RoadAccidents/RoadAccidents016_x264.mp4,/content/drive/MyDrive/Anomaly-Videos-Part-1/Anomaly-Videos-Part-1,,mp4,18518863,73.067,30.0,320,240,2192,True,
anomaly/RoadAccidents/RoadAccidents017_x264.mp4,RoadAccidents017_x264.mp4,anomaly,RoadAccidents,RoadAccidents/RoadAccidents017_x264.mp4,/content/drive/MyDrive/Anomaly-Videos-Part-1/Anomaly-Videos-Part-1,,mp4,1680716,8.1,30.0,320,240,243,True,
anomaly/RoadAccidents/RoadAccidents018_x264.mp4,RoadAccidents018_x264.mp4,anomaly,RoadAccidents,RoadAccidents/RoadAccidents018_x264.mp4,/content/drive/MyDrive/Anomaly-Videos-Part-1/Anomaly-Videos-Part-1,,mp4,13143675,50.6,30.0,320,240,1518,True,
anomaly/RoadAccidents/RoadAccidents019_x264.mp4,RoadAccidents019_x264.mp4,anomaly,RoadAccidents,RoadAccidents/RoadAccidents019_x264.mp4,/content/drive/MyDrive/Anomaly-Videos-Part-1/Anomaly-Videos-Part-1,,mp4,11269598,43.8,30.0,320,240,1314,True,
anomaly/RoadAccidents/RoadAccidents020_x264.mp4,RoadAccidents020_x264.mp4,anomaly,RoadAccidents,RoadAccidents/RoadAccidents020_x264.mp4,/content/drive/MyDrive/Anomaly-Videos-Part-1/Anomaly-Videos-Part-1,,mp4,13214040,59.1,30.0,320,240,1773,True,
anomaly/RoadAccidents/RoadAccidents021_x264.mp4,RoadAccidents021_x264.mp4,anomaly,RoadAccidents,RoadAccidents/RoadAccidents021_x264.mp4,/content/drive/MyDrive/Anomaly-Videos-Part-1/Anomaly-Videos-Part-1,,mp4,914178,5.167,30.0,320,240,155,True,
anomaly/RoadAccidents/RoadAccidents022_x264.mp4,RoadAccidents022_x264.mp4,anomaly,RoadAccidents,RoadAccidents/RoadAccidents022_x264.mp4,/content/drive/MyDrive/Anomaly-Videos-Part-1/Anomaly-Videos-Part-1,,mp4,5849682,23.867,30.0,320,240,716,True,
anomaly/RoadAccidents/RoadAccidents023_x264.mp4,RoadAccidents023_x264.mp4,anomaly,RoadAccidents,RoadAccidents/RoadAccidents023_x264.mp4,/content/drive/MyDrive/Anomaly-Videos-Part-1/Anomaly-Videos-Part-1,,mp4,30941602,117.0,30.0,320,240,3510,True,
anomaly/RoadAccidents/RoadAccidents024_x264.mp4,RoadAccidents024_x264.mp4,anomaly,RoadAccidents,RoadAccidents/RoadAccidents024_x264.mp4,/content/drive/MyDrive/Anomaly-Videos-Part-1/Anomaly-Videos-Part-1,,mp4,47736606,198.2,30.0,320,240,5946,True,
anomaly/RoadAccidents/RoadAccidents025_x264.mp4,RoadAccidents025_x264.mp4,anomaly,RoadAccidents,RoadAccidents/RoadAccidents025_x264.mp4,/content/drive/MyDrive/Anomaly-Videos-Part-1/Anomaly-Videos-Part-1,,mp4,10811158,39.633,30.0,320,240,1189,True,
anomaly/RoadAccidents/RoadAccidents026_x264.mp4,RoadAccidents026_x264.mp4,anomaly,RoadAccidents,RoadAccidents/RoadAccidents026_x264.mp4,/content/drive/MyDrive/Anomaly-Videos-Part-1/Anomaly-Videos-Part-1,,mp4,6516144,26.067,30.0,320,240,782,True,
anomaly/RoadAccidents/RoadAccidents027_x264.mp4,RoadAccidents027_x264.mp4,anomaly,RoadAccidents,RoadAccidents/RoadAccidents027_x264.mp4,/content/drive/MyDrive/Anomaly-Videos-Part-1/Anomaly-Videos-Part-1,,mp4,792646,3.467,30.0,320,240,104,True,
anomaly/RoadAccidents/RoadAccidents028_x264.mp4,RoadAccidents028_x264.mp4,anomaly,RoadAccidents,RoadAccidents/RoadAccidents028_x264.mp4,/content/drive/MyDrive/Anomaly-Videos-Part-1/Anomaly-Videos-Part-1,,mp4,3810995,19.7,30.0,320,240,591,True,
anomaly/RoadAccidents/RoadAccidents029_x264.mp4,RoadAccidents029_x264.mp4,anomaly,RoadAccidents,RoadAccidents/RoadAccidents029_x264.mp4,/content/drive/MyDrive/Anomaly-Videos-Part-1/Anomaly-Videos-Part-1,,mp4,3468179,17.567,30.0,320,240,527,True,
anomaly/RoadAccidents/RoadAccidents030_x264.mp4,RoadAccidents030_x264.mp4,anomaly,RoadAccidents,RoadAccidents/RoadAccidents030_x264.mp4,/content/drive/MyDrive/Anomaly-Videos-Part-1/Anomaly-Videos-Part-1,,mp4,10337487,43.0,30.0,319,240,1290,True,
anomaly/RoadAccidents/RoadAccidents031_x264.mp4,RoadAccidents031_x264.mp4,anomaly,RoadAccidents,RoadAccidents/RoadAccidents031_x264.mp4,/content/drive/MyDrive/Anomaly-Videos-Part-1/Anomaly-Videos-Part-1,,mp4,9840029,72.833,30.0,320,240,2185,True,
anomaly/RoadAccidents/RoadAccidents032_x264.mp4,RoadAccidents032_x264.mp4,anomaly,RoadAccidents,RoadAccidents/RoadAccidents032_x264.mp4,/content/drive/MyDrive/Anomaly-Videos-Part-1/Anomaly-Videos-Part-1,,mp4,20889857,75.367,30.0,320,240,2261,True,
anomaly/RoadAccidents/RoadAccidents033_x264.mp4,RoadAccidents033_x264.mp4,anomaly,RoadAccidents,RoadAccidents/RoadAccidents033_x264.mp4,/content/drive/MyDrive/Anomaly-Videos-Part-1/Anomaly-Videos-Part-1,,mp4,4531003,19.567,30.0,320,240,587,True,
anomaly/RoadAccidents/RoadAccidents034_x264.mp4,RoadAccidents034_x264.mp4,anomaly,RoadAccidents,RoadAccidents/RoadAccidents034_x264.mp4,/content/drive/MyDrive/Anomaly-Videos-Part-1/Anomaly-Videos-Part-1,,mp4,15414320,57.967,30.0,319,240,1739,True,
anomaly/RoadAccidents/RoadAccidents035_x264.mp4,RoadAccidents035_x264.mp4,anomaly,RoadAccidents,RoadAccidents/RoadAccidents035_x264.mp4,/content/drive/MyDrive/Anomaly-Videos-Part-1/Anomaly-Videos-Part-1,,mp4,1677407,9.233,30.0,320,240,277,True,
anomaly/RoadAccidents/RoadAccidents036_x264.mp4,RoadAccidents036_x264.mp4,anomaly,RoadAccidents,RoadAccidents/RoadAccidents036_x264.mp4,/content/drive/MyDrive/Anomaly-Videos-Part-1/Anomaly-Videos-Part-1,,mp4,9301524,43.833,30.0,319,240,1315,True,
anomaly/RoadAccidents/RoadAccidents037_x264.mp4,RoadAccidents037_x264.mp4,anomaly,RoadAccidents,RoadAccidents/RoadAccidents037_x264.mp4,/content/drive/MyDrive/Anomaly-Videos-Part-1/Anomaly-Videos-Part-1,,mp4,8362802,72.967,30.0,320,240,2189,True,
anomaly/RoadAccidents/RoadAccidents038_x264.mp4,RoadAccidents038_x264.mp4,anomaly,RoadAccidents,RoadAccidents/RoadAccidents038_x264.mp4,/content/drive/MyDrive/Anomaly-Videos-Part-1/Anomaly-Videos-Part-1,,mp4,2460831,16.967,30.0,319,240,509,True,
anomaly/RoadAccidents/RoadAccidents039_x264.mp4,RoadAccidents039_x264.mp4,anomaly,RoadAccidents,RoadAccidents/RoadAccidents039_x264.mp4,/content/drive/MyDrive/Anomaly-Videos-Part-1/Anomaly-Videos-Part-1,,mp4,2334854,12.6,30.0,319,240,378,True,
anomaly/RoadAccidents/RoadAccidents040_x264.mp4,RoadAccidents040_x264.mp4,anomaly,RoadAccidents,RoadAccidents/RoadAccidents040_x264.mp4,/content/drive/MyDrive/Anomaly-Videos-Part-1/Anomaly-Videos-Part-1,,mp4,15786607,64.867,30.0,320,240,1946,True,
anomaly/RoadAccidents/RoadAccidents041_x264.mp4,RoadAccidents041_x264.mp4,anomaly,RoadAccidents,RoadAccidents/RoadAccidents041_x264.mp4,/content/drive/MyDrive/Anomaly-Videos-Part-1/Anomaly-Videos-Part-1,,mp4,2059250,7.967,30.0,320,240,239,True,
anomaly/RoadAccidents/RoadAccidents042_x264.mp4,RoadAccidents042_x264.mp4,anomaly,RoadAccidents,RoadAccidents/RoadAccidents042_x264.mp4,/content/drive/MyDrive/Anomaly-Videos-Part-1/Anomaly-Videos-Part-1,,mp4,6573430,30.667,30.0,320,240,920,True,
anomaly/RoadAccidents/RoadAccidents043_x264.mp4,RoadAccidents043_x264.mp4,anomaly,RoadAccidents,RoadAccidents/RoadAccidents043_x264.mp4,/content/drive/MyDrive/Anomaly-Videos-Part-1/Anomaly-Videos-Part-1,,mp4,1491745,6.233,30.0,320,240,187,True,
anomaly/RoadAccidents/RoadAccidents044_x264.mp4,RoadAccidents044_x264.mp4,anomaly,RoadAccidents,RoadAccidents/RoadAccidents044_x264.mp4,/content/drive/MyDrive/Anomaly-Videos-Part-1/Anomaly-Videos-Part-1,,mp4,2397798,13.133,30.0,320,240,394,True,
anomaly/RoadAccidents/RoadAccidents046_x264.mp4,RoadAccidents046_x264.mp4,anomaly,RoadAccidents,RoadAccidents/RoadAccidents046_x264.mp4,/content/drive/MyDrive/Anomaly-Videos-Part-1/Anomaly-Videos-Part-1,,mp4,5508688,22.167,30.0,320,240,665,True,
anomaly/RoadAccidents/RoadAccidents047_x264.mp4,RoadAccidents047_x264.mp4,anomaly,RoadAccidents,RoadAccidents/RoadAccidents047_x264.mp4,/content/drive/MyDrive/Anomaly-Videos-Part-1/Anomaly-Videos-Part-1,,mp4,3527410,14.633,30.0,320,240,439,True,
anomaly/RoadAccidents/RoadAccidents048_x264.mp4,RoadAccidents048_x264.mp4,anomaly,RoadAccidents,RoadAccidents/RoadAccidents048_x264.mp4,/content/drive/MyDrive/Anomaly-Videos-Part-1/Anomaly-Videos-Part-1,,mp4,14588296,80.967,30.0,320,240,2429,True,
anomaly/RoadAccidents/RoadAccidents049_x264.mp4,RoadAccidents049_x264.mp4,anomaly,RoadAccidents,RoadAccidents/RoadAccidents049_x264.mp4,/content/drive/MyDrive/Anomaly-Videos-Part-1/Anomaly-Videos-Part-1,,mp4,6691271,24.433,30.0,319,240,733,True,
anomaly/RoadAccidents/RoadAccidents050_x264.mp4,RoadAccidents050_x264.mp4,anomaly,RoadAccidents,RoadAccidents/RoadAccidents050_x264.mp4,/content/drive/MyDrive/Anomaly-Videos-Part-1/Anomaly-Videos-Part-1,,mp4,9651891,36.7,30.0,319,240,1101,True,
anomaly/RoadAccidents/RoadAccidents051_x264.mp4,RoadAccidents051_x264.mp4,anomaly,RoadAccidents,RoadAccidents/RoadAccidents051_x264.mp4,/content/drive/MyDrive/Anomaly-Videos-Part-1/Anomaly-Videos-Part-1,,mp4,3172623,13.367,30.0,320,240,401,True,
anomaly/RoadAccidents/RoadAccidents052_x264.mp4,RoadAccidents052_x264.mp4,anomaly,RoadAccidents,RoadAccidents/RoadAccidents052_x264.mp4,/content/drive/MyDrive/Anomaly-Videos-Part-1/Anomaly-Videos-Part-1,,mp4,2125001,12.067,30.0,320,240,362,True,
anomaly/Robbery/Robbery001_x264.mp4,Robbery001_x264.mp4,anomaly,Robbery,Robbery/Robbery001_x264.mp4,/content/drive/MyDrive/Anomaly-Videos-Part-1/Anomaly-Videos-Part-1,,mp4,6139077,32.9,30.0,320,240,987,True,
anomaly/Robbery/Robbery002_x264.mp4,Robbery002_x264.mp4,anomaly,Robbery,Robbery/Robbery002_x264.mp4,/content/drive/MyDrive/Anomaly-Videos-Part-1/Anomaly-Videos-Part-1,,mp4,8715149,106.767,30.0,320,240,3203,True,
anomaly/Robbery/Robbery003_x264.mp4,Robbery003_x264.mp4,anomaly,Robbery,Robbery/Robbery003_x264.mp4,/content/drive/MyDrive/Anomaly-Videos-Part-1/Anomaly-Videos-Part-1,,mp4,5914729,32.8,30.0,320,240,984,True,
anomaly/Robbery/Robbery004_x264.mp4,Robbery004_x264.mp4,anomaly,Robbery,Robbery/Robbery004_x264.mp4,/content/drive/MyDrive/Anomaly-Videos-Part-1/Anomaly-Videos-Part-1,,mp4,8573590,50.967,30.0,320,240,1529,True,
anomaly/Robbery/Robbery005_x264.mp4,Robbery005_x264.mp4,anomaly,Robbery,Robbery/Robbery005_x264.mp4,/content/drive/MyDrive/Anomaly-Videos-Part-1/Anomaly-Videos-Part-1,,mp4,15221600,91.967,30.0,320,240,2759,True,
anomaly/Robbery/Robbery006_x264.mp4,Robbery006_x264.mp4,anomaly,Robbery,Robbery/Robbery006_x264.mp4,/content/drive/MyDrive/Anomaly-Videos-Part-1/Anomaly-Videos-Part-1,,mp4,26575438,113.3,30.0,320,240,3399,True,
anomaly/Robbery/Robbery007_x264.mp4,Robbery007_x264.mp4,anomaly,Robbery,Robbery/Robbery007_x264.mp4,/content/drive/MyDrive/Anomaly-Videos-Part-1/Anomaly-Videos-Part-1,,mp4,15519955,68.8,30.0,320,240,2064,True,
anomaly/Robbery/Robbery008_x264.mp4,Robbery008_x264.mp4,anomaly,Robbery,Robbery/Robbery008_x264.mp4,/content/drive/MyDrive/Anomaly-Videos-Part-1/Anomaly-Videos-Part-1,,mp4,19054551,75.233,30.0,320,240,2257,True,
anomaly/Robbery/Robbery009_x264.mp4,Robbery009_x264.mp4,anomaly,Robbery,Robbery/Robbery009_x264.mp4,/content/drive/MyDrive/Anomaly-Videos-Part-1/Anomaly-Videos-Part-1,,mp4,19772974,106.767,30.0,320,240,3203,True,
anomaly/Robbery/Robbery010_x264.mp4,Robbery010_x264.mp4,anomaly,Robbery,Robbery/Robbery010_x264.mp4,/content/drive/MyDrive/Anomaly-Videos-Part-1/Anomaly-Videos-Part-1,,mp4,25370544,102.033,30.0,320,240,3061,True,
anomaly/Robbery/Robbery011_x264.mp4,Robbery011_x264.mp4,anomaly,Robbery,Robbery/Robbery011_x264.mp4,/content/drive/MyDrive/Anomaly-Videos-Part-1/Anomaly-Videos-Part-1,,mp4,11373835,54.233,30.0,320,240,1627,True,
anomaly/Robbery/Robbery012_x264.mp4,Robbery012_x264.mp4,anomaly,Robbery,Robbery/Robbery012_x264.mp4,/content/drive/MyDrive/Anomaly-Videos-Part-1/Anomaly-Videos-Part-1,,mp4,6276164,24.967,30.0,320,240,749,True,
anomaly/Robbery/Robbery013_x264.mp4,Robbery013_x264.mp4,anomaly,Robbery,Robbery/Robbery013_x264.mp4,/content/drive/MyDrive/Anomaly-Videos-Part-1/Anomaly-Videos-Part-1,,mp4,24468592,121.3,30.0,320,240,3639,True,
anomaly/Robbery/Robbery014_x264.mp4,Robbery014_x264.mp4,anomaly,Robbery,Robbery/Robbery014_x264.mp4,/content/drive/MyDrive/Anomaly-Videos-Part-1/Anomaly-Videos-Part-1,,mp4,127058140,509.267,30.0,320,240,15278,True,
anomaly/Robbery/Robbery015_x264.mp4,Robbery015_x264.mp4,anomaly,Robbery,Robbery/Robbery015_x264.mp4,/content/drive/MyDrive/Anomaly-Videos-Part-1/Anomaly-Videos-Part-1,,mp4,15628777,91.3,30.0,320,240,2739,True,
anomaly/Robbery/Robbery016_x264.mp4,Robbery016_x264.mp4,anomaly,Robbery,Robbery/Robbery016_x264.mp4,/content/drive/MyDrive/Anomaly-Videos-Part-1/Anomaly-Videos-Part-1,,mp4,13409979,55.1,30.0,320,240,1653,True,
anomaly/Robbery/Robbery017_x264.mp4,Robbery017_x264.mp4,anomaly,Robbery,Robbery/Robbery017_x264.mp4,/content/drive/MyDrive/Anomaly-Videos-Part-1/Anomaly-Videos-Part-1,,mp4,31366901,145.267,30.0,320,240,4358,True,
anomaly/Robbery/Robbery018_x264.mp4,Robbery018_x264.mp4,anomaly,Robbery,Robbery/Robbery018_x264.mp4,/content/drive/MyDrive/Anomaly-Videos-Part-1/Anomaly-Videos-Part-1,,mp4,23766080,95.967,30.0,320,240,2879,True,
anomaly/Robbery/Robbery019_x264.mp4,Robbery019_x264.mp4,anomaly,Robbery,Robbery/Robbery019_x264.mp4,/content/drive/MyDrive/Anomaly-Videos-Part-1/Anomaly-Videos-Part-1,,mp4,47502421,192.033,30.0,320,240,5761,True,
anomaly/Robbery/Robbery020_x264.mp4,Robbery020_x264.mp4,anomaly,Robbery,Robbery/Robbery020_x264.mp4,/content/drive/MyDrive/Anomaly-Videos-Part-1/Anomaly-Videos-Part-1,,mp4,31975085,146.767,30.0,320,240,4403,True,
anomaly/Robbery/Robbery021_x264.mp4,Robbery021_x264.mp4,anomaly,Robbery,Robbery/Robbery021_x264.mp4,/content/drive/MyDrive/Anomaly-Videos-Part-1/Anomaly-Videos-Part-1,,mp4,67421171,274.1,30.0,320,240,8223,True,
anomaly/Robbery/Robbery022_x264.mp4,Robbery022_x264.mp4,anomaly,Robbery,Robbery/Robbery022_x264.mp4,/content/drive/MyDrive/Anomaly-Videos-Part-1/Anomaly-Videos-Part-1,,mp4,20238706,117.1,30.0,320,240,3513,True,
anomaly/Robbery/Robbery023_x264.mp4,Robbery023_x264.mp4,anomaly,Robbery,Robbery/Robbery023_x264.mp4,/content/drive/MyDrive/Anomaly-Videos-Part-1/Anomaly-Videos-Part-1,,mp4,8559094,37.033,30.0,320,240,1111,True,
anomaly/Robbery/Robbery024_x264.mp4,Robbery024_x264.mp4,anomaly,Robbery,Robbery/Robbery024_x264.mp4,/content/drive/MyDrive/Anomaly-Videos-Part-1/Anomaly-Videos-Part-1,,mp4,19365356,79.833,30.0,320,240,2395,True,
anomaly/Robbery/Robbery025_x264.mp4,Robbery025_x264.mp4,anomaly,Robbery,Robbery/Robbery025_x264.mp4,/content/drive/MyDrive/Anomaly-Videos-Part-1/Anomaly-Videos-Part-1,,mp4,12542104,48.867,30.0,320,240,1466,True,
anomaly/Robbery/Robbery026_x264.mp4,Robbery026_x264.mp4,anomaly,Robbery,Robbery/Robbery026_x264.mp4,/content/drive/MyDrive/Anomaly-Videos-Part-1/Anomaly-Videos-Part-1,,mp4,109929211,437.167,30.0,320,240,13115,True,
anomaly/Robbery/Robbery027_x264.mp4,Robbery027_x264.mp4,anomaly,Robbery,Robbery/Robbery027_x264.mp4,/content/drive/MyDrive/Anomaly-Videos-Part-1/Anomaly-Videos-Part-1,,mp4,44718714,180.0,30.0,320,240,5400,True,
anomaly/Robbery/Robbery028_x264.mp4,Robbery028_x264.mp4,anomaly,Robbery,Robbery/Robbery028_x264.mp4,/content/drive/MyDrive/Anomaly-Videos-Part-1/Anomaly-Videos-Part-1,,mp4,19407566,78.067,30.0,320,240,2342,True,
anomaly/Robbery/Robbery029_x264.mp4,Robbery029_x264.mp4,anomaly,Robbery,Robbery/Robbery029_x264.mp4,/content/drive/MyDrive/Anomaly-Videos-Part-1/Anomaly-Videos-Part-1,,mp4,18404224,72.767,30.0,320,240,2183,True,
anomaly/Robbery/Robbery030_x264.mp4,Robbery030_x264.mp4,anomaly,Robbery,Robbery/Robbery030_x264.mp4,/content/drive/MyDrive/Anomaly-Videos-Part-1/Anomaly-Videos-Part-1,,mp4,17378026,99.2,30.0,320,240,2976,True,
anomaly/Robbery/Robbery031_x264.mp4,Robbery031_x264.mp4,anomaly,Robbery,Robbery/Robbery031_x264.mp4,/content/drive/MyDrive/Anomaly-Videos-Part-1/Anomaly-Videos-Part-1,,mp4,8685701,36.9,30.0,320,240,1107,True,
anomaly/Robbery/Robbery032_x264.mp4,Robbery032_x264.mp4,anomaly,Robbery,Robbery/Robbery032_x264.mp4,/content/drive/MyDrive/Anomaly-Videos-Part-1/Anomaly-Videos-Part-1,,mp4,26951081,180.0,30.0,320,240,5400,True,
anomaly/Robbery/Robbery033_x264.mp4,Robbery033_x264.mp4,anomaly,Robbery,Robbery/Robbery033_x264.mp4,/content/drive/MyDrive/Anomaly-Videos-Part-1/Anomaly-Videos-Part-1,,mp4,7123058,31.667,30.0,320,240,950,True,
anomaly/Robbery/Robbery034_x264.mp4,Robbery034_x264.mp4,anomaly,Robbery,Robbery/Robbery034_x264.mp4,/content/drive/MyDrive/Anomaly-Videos-Part-1/Anomaly-Videos-Part-1,,mp4,53034937,211.067,30.0,320,240,6332,True,
anomaly/Robbery/Robbery035_x264.mp4,Robbery035_x264.mp4,anomaly,Robbery,Robbery/Robbery035_x264.mp4,/content/drive/MyDrive/Anomaly-Videos-Part-1/Anomaly-Videos-Part-1,,mp4,38000175,155.367,30.0,320,240,4661,True,
anomaly/Robbery/Robbery036_x264.mp4,Robbery036_x264.mp4,anomaly,Robbery,Robbery/Robbery036_x264.mp4,/content/drive/MyDrive/Anomaly-Videos-Part-1/Anomaly-Videos-Part-1,,mp4,50034923,205.7,30.0,320,240,6171,True,
anomaly/Robbery/Robbery037_x264.mp4,Robbery037_x264.mp4,anomaly,Robbery,Robbery/Robbery037_x264.mp4,/content/drive/MyDrive/Anomaly-Videos-Part-1/Anomaly-Videos-Part-1,,mp4,73407462,290.9,30.0,320,240,8727,True,
anomaly/Robbery/Robbery038_x264.mp4,Robbery038_x264.mp4,anomaly,Robbery,Robbery/Robbery038_x264.mp4,/content/drive/MyDrive/Anomaly-Videos-Part-1/Anomaly-Videos-Part-1,,mp4,14585964,61.067,30.0,320,240,1832,True,
anomaly/Robbery/Robbery039_x264.mp4,Robbery039_x264.mp4,anomaly,Robbery,Robbery/Robbery039_x264.mp4,/content/drive/MyDrive/Anomaly-Videos-Part-1/Anomaly-Videos-Part-1,,mp4,4055661,17.5,30.0,320,240,525,True,
anomaly/Robbery/Robbery040_x264.mp4,Robbery040_x264.mp4,anomaly,Robbery,Robbery/Robbery040_x264.mp4,/content/drive/MyDrive/Anomaly-Videos-Part-1/Anomaly-Videos-Part-1,,mp4,6004081,34.8,30.0,320,240,1044,True,
anomaly/Robbery/Robbery041_x264.mp4,Robbery041_x264.mp4,anomaly,Robbery,Robbery/Robbery041_x264.mp4,/content/drive/MyDrive/Anomaly-Videos-Part-1/Anomaly-Videos-Part-1,,mp4,10840045,45.567,30.0,320,240,1367,True,
anomaly/Robbery/Robbery042_x264.mp4,Robbery042_x264.mp4,anomaly,Robbery,Robbery/Robbery042_x264.mp4,/content/drive/MyDrive/Anomaly-Videos-Part-1/Anomaly-Videos-Part-1,,mp4,17708457,72.4,30.0,320,240,2172,True,
anomaly/Robbery/Robbery043_x264.mp4,Robbery043_x264.mp4,anomaly,Robbery,Robbery/Robbery043_x264.mp4,/content/drive/MyDrive/Anomaly-Videos-Part-1/Anomaly-Videos-Part-1,,mp4,8534249,34.6,30.0,320,240,1038,True,
anomaly/Robbery/Robbery044_x264.mp4,Robbery044_x264.mp4,anomaly,Robbery,Robbery/Robbery044_x264.mp4,/content/drive/MyDrive/Anomaly-Videos-Part-1/Anomaly-Videos-Part-1,,mp4,3315945,15.6,30.0,320,240,468,True,
anomaly/Robbery/Robbery045_x264.mp4,Robbery045_x264.mp4,anomaly,Robbery,Robbery/Robbery045_x264.mp4,/content/drive/MyDrive/Anomaly-Videos-Part-1/Anomaly-Videos-Part-1,,mp4,27241854,111.033,30.0,320,240,3331,True,
anomaly/Robbery/Robbery046_x264.mp4,Robbery046_x264.mp4,anomaly,Robbery,Robbery/Robbery046_x264.mp4,/content/drive/MyDrive/Anomaly-Videos-Part-1/Anomaly-Videos-Part-1,,mp4,4033248,28.4,30.0,320,240,852,True,
anomaly/Robbery/Robbery047_x264.mp4,Robbery047_x264.mp4,anomaly,Robbery,Robbery/Robbery047_x264.mp4,/content/drive/MyDrive/Anomaly-Videos-Part-1/Anomaly-Videos-Part-1,,mp4,12253634,50.9,30.0,320,240,1527,True,
anomaly/Robbery/Robbery048_x264.mp4,Robbery048_x264.mp4,anomaly,Robbery,Robbery/Robbery048_x264.mp4,/content/drive/MyDrive/Anomaly-Videos-Part-1/Anomaly-Videos-Part-1,,mp4,9498768,46.967,30.0,319,240,1409,True,
anomaly/Robbery/Robbery049_x264.mp4,Robbery049_x264.mp4,anomaly,Robbery,Robbery/Robbery049_x264.mp4,/content/drive/MyDrive/Anomaly-Videos-Part-1/Anomaly-Videos-Part-1,,mp4,11488177,66.0,30.0,320,240,1980,True,
anomaly/Robbery/Robbery050_x264.mp4,Robbery050_x264.mp4,anomaly,Robbery,Robbery/Robbery050_x264.mp4,/content/drive/MyDrive/Anomaly-Videos-Part-1/Anomaly-Videos-Part-1,,mp4,10144165,56.7,30.0,320,240,1701,True,
anomaly/Robbery/Robbery051_x264.mp4,Robbery051_x264.mp4,anomaly,Robbery,Robbery/Robbery051_x264.mp4,/content/drive/MyDrive/Anomaly-Videos-Part-1/Anomaly-Videos-Part-1,,mp4,14257733,53.133,30.0,320,240,1594,True,
anomaly/Robbery/Robbery052_x264.mp4,Robbery052_x264.mp4,anomaly,Robbery,Robbery/Robbery052_x264.mp4,/content/drive/MyDrive/Anomaly-Videos-Part-1/Anomaly-Videos-Part-1,,mp4,17332021,120.033,30.0,319,240,3601,True,
anomaly/Robbery/Robbery053_x264.mp4,Robbery053_x264.mp4,anomaly,Robbery,Robbery/Robbery053_x264.mp4,/content/drive/MyDrive/Anomaly-Videos-Part-1/Anomaly-Videos-Part-1,,mp4,10231034,61.167,30.0,319,240,1835,True,
anomaly/Robbery/Robbery054_x264.mp4,Robbery054_x264.mp4,anomaly,Robbery,Robbery/Robbery054_x264.mp4,/content/drive/MyDrive/Anomaly-Videos-Part-1/Anomaly-Videos-Part-1,,mp4,17435211,65.9,30.0,320,240,1977,True,
anomaly/Robbery/Robbery055_x264.mp4,Robbery055_x264.mp4,anomaly,Robbery,Robbery/Robbery055_x264.mp4,/content/drive/MyDrive/Anomaly-Videos-Part-1/Anomaly-Videos-Part-1,,mp4,68978946,318.367,30.0,320,240,9551,True,
anomaly/Robbery/Robbery056_x264.mp4,Robbery056_x264.mp4,anomaly,Robbery,Robbery/Robbery056_x264.mp4,/content/drive/MyDrive/Anomaly-Videos-Part-1/Anomaly-Videos-Part-1,,mp4,18125482,92.033,30.0,320,240,2761,True,
anomaly/Robbery/Robbery057_x264.mp4,Robbery057_x264.mp4,anomaly,Robbery,Robbery/Robbery057_x264.mp4,/content/drive/MyDrive/Anomaly-Videos-Part-1/Anomaly-Videos-Part-1,,mp4,14846926,71.5,30.0,320,240,2145,True,
anomaly/Robbery/Robbery058_x264.mp4,Robbery058_x264.mp4,anomaly,Robbery,Robbery/Robbery058_x264.mp4,/content/drive/MyDrive/Anomaly-Videos-Part-1/Anomaly-Videos-Part-1,,mp4,6783429,58.633,30.0,319,240,1759,True,
anomaly/Robbery/Robbery059_x264.mp4,Robbery059_x264.mp4,anomaly,Robbery,Robbery/Robbery059_x264.mp4,/content/drive/MyDrive/Anomaly-Videos-Part-1/Anomaly-Videos-Part-1,,mp4,33604763,321.8,30.0,320,240,9654,True,
anomaly/Robbery/Robbery060_x264.mp4,Robbery060_x264.mp4,anomaly,Robbery,Robbery/Robbery060_x264.mp4,/content/drive/MyDrive/Anomaly-Videos-Part-1/Anomaly-Videos-Part-1,,mp4,10347240,70.2,30.0,319,240,2106,True,
anomaly/Robbery/Robbery061_x264.mp4,Robbery061_x264.mp4,anomaly,Robbery,Robbery/Robbery061_x264.mp4,/content/drive/MyDrive/Anomaly-Videos-Part-1/Anomaly-Videos-Part-1,,mp4,30555657,122.7,30.0,320,240,3681,True,
anomaly/Robbery/Robbery062_x264.mp4,Robbery062_x264.mp4,anomaly,Robbery,Robbery/Robbery062_x264.mp4,/content/drive/MyDrive/Anomaly-Videos-Part-1/Anomaly-Videos-Part-1,,mp4,20088912,120.333,30.0,320,240,3610,True,
anomaly/Robbery/Robbery063_x264.mp4,Robbery063_x264.mp4,anomaly,Robbery,Robbery/Robbery063_x264.mp4,/content/drive/MyDrive/Anomaly-Videos-Part-1/Anomaly-Videos-Part-1,,mp4,15567037,71.1,30.0,320,240,2133,True,
anomaly/Robbery/Robbery064_x264.mp4,Robbery064_x264.mp4,anomaly,Robbery,Robbery/Robbery064_x264.mp4,/content/drive/MyDrive/Anomaly-Videos-Part-1/Anomaly-Videos-Part-1,,mp4,6241334,47.2,30.0,320,240,1416,True,
anomaly/Robbery/Robbery065_x264.mp4,Robbery065_x264.mp4,anomaly,Robbery,Robbery/Robbery065_x264.mp4,/content/drive/MyDrive/Anomaly-Videos-Part-1/Anomaly-Videos-Part-1,,mp4,20535404,79.867,30.0,320,240,2396,True,
anomaly/Robbery/Robbery066_x264.mp4,Robbery066_x264.mp4,anomaly,Robbery,Robbery/Robbery066_x264.mp4,/content/drive/MyDrive/Anomaly-Videos-Part-1/Anomaly-Videos-Part-1,,mp4,27479775,159.4,30.0,320,240,4782,True,
anomaly/Robbery/Robbery067_x264.mp4,Robbery067_x264.mp4,anomaly,Robbery,Robbery/Robbery067_x264.mp4,/content/drive/MyDrive/Anomaly-Videos-Part-1/Anomaly-Videos-Part-1,,mp4,18839146,133.033,30.0,320,240,3991,True,
anomaly/Robbery/Robbery068_x264.mp4,Robbery068_x264.mp4,anomaly,Robbery,Robbery/Robbery068_x264.mp4,/content/drive/MyDrive/Anomaly-Videos-Part-1/Anomaly-Videos-Part-1,,mp4,2988592,13.167,30.0,319,240,395,True,
anomaly/Robbery/Robbery069_x264.mp4,Robbery069_x264.mp4,anomaly,Robbery,Robbery/Robbery069_x264.mp4,/content/drive/MyDrive/Anomaly-Videos-Part-1/Anomaly-Videos-Part-1,,mp4,5569575,22.967,30.0,320,240,689,True,
anomaly/Robbery/Robbery070_x264.mp4,Robbery070_x264.mp4,anomaly,Robbery,Robbery/Robbery070_x264.mp4,/content/drive/MyDrive/Anomaly-Videos-Part-1/Anomaly-Videos-Part-1,,mp4,4831871,19.7,30.0,319,240,591,True,
anomaly/Robbery/Robbery071_x264.mp4,Robbery071_x264.mp4,anomaly,Robbery,Robbery/Robbery071_x264.mp4,/content/drive/MyDrive/Anomaly-Videos-Part-1/Anomaly-Videos-Part-1,,mp4,10330384,52.067,30.0,320,240,1562,True,
anomaly/Robbery/Robbery072_x264.mp4,Robbery072_x264.mp4,anomaly,Robbery,Robbery/Robbery072_x264.mp4,/content/drive/MyDrive/Anomaly-Videos-Part-1/Anomaly-Videos-Part-1,,mp4,6939912,46.467,30.0,320,240,1394,True,
anomaly/Robbery/Robbery073_x264.mp4,Robbery073_x264.mp4,anomaly,Robbery,Robbery/Robbery073_x264.mp4,/content/drive/MyDrive/Anomaly-Videos-Part-1/Anomaly-Videos-Part-1,,mp4,54553054,250.167,30.0,320,240,7505,True,
anomaly/Robbery/Robbery074_x264.mp4,Robbery074_x264.mp4,anomaly,Robbery,Robbery/Robbery074_x264.mp4,/content/drive/MyDrive/Anomaly-Videos-Part-1/Anomaly-Videos-Part-1,,mp4,6492479,26.133,30.0,320,240,784,True,
anomaly/Robbery/Robbery075_x264.mp4,Robbery075_x264.mp4,anomaly,Robbery,Robbery/Robbery075_x264.mp4,/content/drive/MyDrive/Anomaly-Videos-Part-1/Anomaly-Videos-Part-1,,mp4,17062409,97.367,30.0,320,240,2921,True,
anomaly/Robbery/Robbery076_x264.mp4,Robbery076_x264.mp4,anomaly,Robbery,Robbery/Robbery076_x264.mp4,/content/drive/MyDrive/Anomaly-Videos-Part-1/Anomaly-Videos-Part-1,,mp4,6399267,25.867,30.0,319,240,776,True,
anomaly/Robbery/Robbery077_x264.mp4,Robbery077_x264.mp4,anomaly,Robbery,Robbery/Robbery077_x264.mp4,/content/drive/MyDrive/Anomaly-Videos-Part-1/Anomaly-Videos-Part-1,,mp4,22677862,38.0,30.0,320,240,1140,True,
anomaly/Robbery/Robbery078_x264.mp4,Robbery078_x264.mp4,anomaly,Robbery,Robbery/Robbery078_x264.mp4,/content/drive/MyDrive/Anomaly-Videos-Part-1/Anomaly-Videos-Part-1,,mp4,18203800,80.067,30.0,320,240,2402,True,
anomaly/Robbery/Robbery079_x264.mp4,Robbery079_x264.mp4,anomaly,Robbery,Robbery/Robbery079_x264.mp4,/content/drive/MyDrive/Anomaly-Videos-Part-1/Anomaly-Videos-Part-1,,mp4,4469619,24.933,30.0,320,240,748,True,
anomaly/Robbery/Robbery080_x264.mp4,Robbery080_x264.mp4,anomaly,Robbery,Robbery/Robbery080_x264.mp4,/content/drive/MyDrive/Anomaly-Videos-Part-1/Anomaly-Videos-Part-1,,mp4,18162877,82.633,30.0,320,240,2479,True,
anomaly/Robbery/Robbery081_x264.mp4,Robbery081_x264.mp4,anomaly,Robbery,Robbery/Robbery081_x264.mp4,/content/drive/MyDrive/Anomaly-Videos-Part-1/Anomaly-Videos-Part-1,,mp4,35095440,183.233,30.0,320,240,5497,True,
anomaly/Robbery/Robbery082_x264.mp4,Robbery082_x264.mp4,anomaly,Robbery,Robbery/Robbery082_x264.mp4,/content/drive/MyDrive/Anomaly-Videos-Part-1/Anomaly-Videos-Part-1,,mp4,4928556,52.567,30.0,320,240,1577,True,
anomaly/Robbery/Robbery083_x264.mp4,Robbery083_x264.mp4,anomaly,Robbery,Robbery/Robbery083_x264.mp4,/content/drive/MyDrive/Anomaly-Videos-Part-1/Anomaly-Videos-Part-1,,mp4,7877261,32.2,30.0,320,240,966,True,
anomaly/Robbery/Robbery084_x264.mp4,Robbery084_x264.mp4,anomaly,Robbery,Robbery/Robbery084_x264.mp4,/content/drive/MyDrive/Anomaly-Videos-Part-1/Anomaly-Videos-Part-1,,mp4,22992148,107.233,30.0,318,240,3217,True,
anomaly/Robbery/Robbery085_x264.mp4,Robbery085_x264.mp4,anomaly,Robbery,Robbery/Robbery085_x264.mp4,/content/drive/MyDrive/Anomaly-Videos-Part-1/Anomaly-Videos-Part-1,,mp4,5598042,62.467,30.0,320,240,1874,True,
anomaly/Robbery/Robbery086_x264.mp4,Robbery086_x264.mp4,anomaly,Robbery,Robbery/Robbery086_x264.mp4,/content/drive/MyDrive/Anomaly-Videos-Part-1/Anomaly-Videos-Part-1,,mp4,39788538,240.133,30.0,319,240,7204,True,
anomaly/Robbery/Robbery087_x264.mp4,Robbery087_x264.mp4,anomaly,Robbery,Robbery/Robbery087_x264.mp4,/content/drive/MyDrive/Anomaly-Videos-Part-1/Anomaly-Videos-Part-1,,mp4,8665238,33.467,30.0,320,240,1004,True,
anomaly/Robbery/Robbery088_x264.mp4,Robbery088_x264.mp4,anomaly,Robbery,Robbery/Robbery088_x264.mp4,/content/drive/MyDrive/Anomaly-Videos-Part-1/Anomaly-Videos-Part-1,,mp4,42109957,157.6,30.0,320,240,4728,True,
anomaly/Robbery/Robbery089_x264.mp4,Robbery089_x264.mp4,anomaly,Robbery,Robbery/Robbery089_x264.mp4,/content/drive/MyDrive/Anomaly-Videos-Part-1/Anomaly-Videos-Part-1,,mp4,2158221,9.067,30.0,319,240,272,True,
anomaly/Robbery/Robbery090_x264.mp4,Robbery090_x264.mp4,anomaly,Robbery,Robbery/Robbery090_x264.mp4,/content/drive/MyDrive/Anomaly-Videos-Part-1/Anomaly-Videos-Part-1,,mp4,33830782,223.867,30.0,320,240,6716,True,
anomaly/Robbery/Robbery091_x264.mp4,Robbery091_x264.mp4,anomaly,Robbery,Robbery/Robbery091_x264.mp4,/content/drive/MyDrive/Anomaly-Videos-Part-1/Anomaly-Videos-Part-1,,mp4,12059256,63.467,30.0,319,240,1904,True,
anomaly/Robbery/Robbery092_x264.mp4,Robbery092_x264.mp4,anomaly,Robbery,Robbery/Robbery092_x264.mp4,/content/drive/MyDrive/Anomaly-Videos-Part-1/Anomaly-Videos-Part-1,,mp4,6839666,28.333,30.0,320,240,850,True,
anomaly/Robbery/Robbery093_x264.mp4,Robbery093_x264.mp4,anomaly,Robbery,Robbery/Robbery093_x264.mp4,/content/drive/MyDrive/Anomaly-Videos-Part-1/Anomaly-Videos-Part-1,,mp4,7587724,39.0,30.0,320,240,1170,True,
anomaly/Robbery/Robbery094_x264.mp4,Robbery094_x264.mp4,anomaly,Robbery,Robbery/Robbery094_x264.mp4,/content/drive/MyDrive/Anomaly-Videos-Part-1/Anomaly-Videos-Part-1,,mp4,21119042,124.533,30.0,320,240,3736,True,
anomaly/Robbery/Robbery095_x264.mp4,Robbery095_x264.mp4,anomaly,Robbery,Robbery/Robbery095_x264.mp4,/content/drive/MyDrive/Anomaly-Videos-Part-1/Anomaly-Videos-Part-1,,mp4,7667174,42.033,30.0,320,240,1261,True,
anomaly/Robbery/Robbery096_x264.mp4,Robbery096_x264.mp4,anomaly,Robbery,Robbery/Robbery096_x264.mp4,/content/drive/MyDrive/Anomaly-Videos-Part-1/Anomaly-Videos-Part-1,,mp4,28523166,134.4,30.0,320,240,4032,True,
anomaly/Robbery/Robbery097_x264.mp4,Robbery097_x264.mp4,anomaly,Robbery,Robbery/Robbery097_x264.mp4,/content/drive/MyDrive/Anomaly-Videos-Part-1/Anomaly-Videos-Part-1,,mp4,29632620,117.867,30.0,319,240,3536,True,
anomaly/Robbery/Robbery098_x264.mp4,Robbery098_x264.mp4,anomaly,Robbery,Robbery/Robbery098_x264.mp4,/content/drive/MyDrive/Anomaly-Videos-Part-1/Anomaly-Videos-Part-1,,mp4,81981405,403.533,30.0,319,240,12106,True,
anomaly/Robbery/Robbery099_x264.mp4,Robbery099_x264.mp4,anomaly,Robbery,Robbery/Robbery099_x264.mp4,/content/drive/MyDrive/Anomaly-Videos-Part-1/Anomaly-Videos-Part-1,,mp4,13809698,53.533,30.0,319,240,1606,True,
anomaly/Robbery/Robbery100_x264.mp4,Robbery100_x264.mp4,anomaly,Robbery,Robbery/Robbery100_x264.mp4,/content/drive/MyDrive/Anomaly-Videos-Part-1/Anomaly-Videos-Part-1,,mp4,43145627,149.633,30.0,320,240,4489,True,
anomaly/Robbery/Robbery101_x264.mp4,Robbery101_x264.mp4,anomaly,Robbery,Robbery/Robbery101_x264.mp4,/content/drive/MyDrive/Anomaly-Videos-Part-1/Anomaly-Videos-Part-1,,mp4,24040106,111.433,30.0,320,240,3343,True,
anomaly/Robbery/Robbery102_x264.mp4,Robbery102_x264.mp4,anomaly,Robbery,Robbery/Robbery102_x264.mp4,/content/drive/MyDrive/Anomaly-Videos-Part-1/Anomaly-Videos-Part-1,,mp4,9257569,60.9,30.0,320,240,1827,True,
anomaly/Robbery/Robbery103_x264.mp4,Robbery103_x264.mp4,anomaly,Robbery,Robbery/Robbery103_x264.mp4,/content/drive/MyDrive/Anomaly-Videos-Part-1/Anomaly-Videos-Part-1,,mp4,19424853,72.967,30.0,320,240,2189,True,
anomaly/Robbery/Robbery104_x264.mp4,Robbery104_x264.mp4,anomaly,Robbery,Robbery/Robbery104_x264.mp4,/content/drive/MyDrive/Anomaly-Videos-Part-1/Anomaly-Videos-Part-1,,mp4,3039410,58.267,30.0,320,240,1748,True,
anomaly/Robbery/Robbery105_x264.mp4,Robbery105_x264.mp4,anomaly,Robbery,Robbery/Robbery105_x264.mp4,/content/drive/MyDrive/Anomaly-Videos-Part-1/Anomaly-Videos-Part-1,,mp4,16482668,61.9,30.0,319,240,1857,True,
anomaly/Robbery/Robbery106_x264.mp4,Robbery106_x264.mp4,anomaly,Robbery,Robbery/Robbery106_x264.mp4,/content/drive/MyDrive/Anomaly-Videos-Part-1/Anomaly-Videos-Part-1,,mp4,5561962,39.9,30.0,320,240,1197,True,
anomaly/Robbery/Robbery107_x264.mp4,Robbery107_x264.mp4,anomaly,Robbery,Robbery/Robbery107_x264.mp4,/content/drive/MyDrive/Anomaly-Videos-Part-1/Anomaly-Videos-Part-1,,mp4,7744173,56.1,30.0,319,240,1683,True,
anomaly/Robbery/Robbery108_x264.mp4,Robbery108_x264.mp4,anomaly,Robbery,Robbery/Robbery108_x264.mp4,/content/drive/MyDrive/Anomaly-Videos-Part-1/Anomaly-Videos-Part-1,,mp4,12978947,47.8,30.0,319,240,1434,True,
anomaly/Robbery/Robbery109_x264.mp4,Robbery109_x264.mp4,anomaly,Robbery,Robbery/Robbery109_x264.mp4,/content/drive/MyDrive/Anomaly-Videos-Part-1/Anomaly-Videos-Part-1,,mp4,17673337,100.8,30.0,320,240,3024,True,
anomaly/Robbery/Robbery110_x264.mp4,Robbery110_x264.mp4,anomaly,Robbery,Robbery/Robbery110_x264.mp4,/content/drive/MyDrive/Anomaly-Videos-Part-1/Anomaly-Videos-Part-1,,mp4,18954548,84.967,30.0,319,240,2549,True,
anomaly/Robbery/Robbery111_x264.mp4,Robbery111_x264.mp4,anomaly,Robbery,Robbery/Robbery111_x264.mp4,/content/drive/MyDrive/Anomaly-Videos-Part-1/Anomaly-Videos-Part-1,,mp4,38001478,190.267,30.0,319,240,5708,True,
anomaly/Robbery/Robbery112_x264.mp4,Robbery112_x264.mp4,anomaly,Robbery,Robbery/Robbery112_x264.mp4,/content/drive/MyDrive/Anomaly-Videos-Part-1/Anomaly-Videos-Part-1,,mp4,10806492,45.733,30.0,318,240,1372,True,
anomaly/Robbery/Robbery113_x264.mp4,Robbery113_x264.mp4,anomaly,Robbery,Robbery/Robbery113_x264.mp4,/content/drive/MyDrive/Anomaly-Videos-Part-1/Anomaly-Videos-Part-1,,mp4,5106055,27.167,30.0,319,240,815,True,
anomaly/Robbery/Robbery114_x264.mp4,Robbery114_x264.mp4,anomaly,Robbery,Robbery/Robbery114_x264.mp4,/content/drive/MyDrive/Anomaly-Videos-Part-1/Anomaly-Videos-Part-1,,mp4,16451956,69.067,30.0,320,240,2072,True,
anomaly/Robbery/Robbery115_x264.mp4,Robbery115_x264.mp4,anomaly,Robbery,Robbery/Robbery115_x264.mp4,/content/drive/MyDrive/Anomaly-Videos-Part-1/Anomaly-Videos-Part-1,,mp4,12844496,61.2,30.0,320,240,1836,True,
anomaly/Robbery/Robbery116_x264.mp4,Robbery116_x264.mp4,anomaly,Robbery,Robbery/Robbery116_x264.mp4,/content/drive/MyDrive/Anomaly-Videos-Part-1/Anomaly-Videos-Part-1,,mp4,2721116,14.967,30.0,319,240,449,True,
anomaly/Robbery/Robbery117_x264.mp4,Robbery117_x264.mp4,anomaly,Robbery,Robbery/Robbery117_x264.mp4,/content/drive/MyDrive/Anomaly-Videos-Part-1/Anomaly-Videos-Part-1,,mp4,21229845,112.0,30.0,320,240,3360,True,
anomaly/Robbery/Robbery118_x264.mp4,Robbery118_x264.mp4,anomaly,Robbery,Robbery/Robbery118_x264.mp4,/content/drive/MyDrive/Anomaly-Videos-Part-1/Anomaly-Videos-Part-1,,mp4,12463512,65.133,30.0,320,240,1954,True,
anomaly/Robbery/Robbery119_x264.mp4,Robbery119_x264.mp4,anomaly,Robbery,Robbery/Robbery119_x264.mp4,/content/drive/MyDrive/Anomaly-Videos-Part-1/Anomaly-Videos-Part-1,,mp4,14501271,102.233,30.0,320,240,3067,True,
anomaly/Robbery/Robbery120_x264.mp4,Robbery120_x264.mp4,anomaly,Robbery,Robbery/Robbery120_x264.mp4,/content/drive/MyDrive/Anomaly-Videos-Part-1/Anomaly-Videos-Part-1,,mp4,6920518,32.0,30.0,320,240,960,True,
anomaly/Robbery/Robbery121_x264.mp4,Robbery121_x264.mp4,anomaly,Robbery,Robbery/Robbery121_x264.mp4,/content/drive/MyDrive/Anomaly-Videos-Part-1/Anomaly-Videos-Part-1,,mp4,7735759,46.733,30.0,320,240,1402,True,
anomaly/Robbery/Robbery122_x264.mp4,Robbery122_x264.mp4,anomaly,Robbery,Robbery/Robbery122_x264.mp4,/content/drive/MyDrive/Anomaly-Videos-Part-1/Anomaly-Videos-Part-1,,mp4,5049914,34.3,30.0,320,240,1029,True,
anomaly/Robbery/Robbery123_x264.mp4,Robbery123_x264.mp4,anomaly,Robbery,Robbery/Robbery123_x264.mp4,/content/drive/MyDrive/Anomaly-Videos-Part-1/Anomaly-Videos-Part-1,,mp4,7410655,36.133,30.0,320,240,1084,True,
anomaly/Robbery/Robbery124_x264.mp4,Robbery124_x264.mp4,anomaly,Robbery,Robbery/Robbery124_x264.mp4,/content/drive/MyDrive/Anomaly-Videos-Part-1/Anomaly-Videos-Part-1,,mp4,80863776,318.433,30.0,320,240,9553,True,
anomaly/Robbery/Robbery125_x264.mp4,Robbery125_x264.mp4,anomaly,Robbery,Robbery/Robbery125_x264.mp4,/content/drive/MyDrive/Anomaly-Videos-Part-1/Anomaly-Videos-Part-1,,mp4,60958717,236.133,30.0,320,240,7084,True,
anomaly/Robbery/Robbery126_x264.mp4,Robbery126_x264.mp4,anomaly,Robbery,Robbery/Robbery126_x264.mp4,/content/drive/MyDrive/Anomaly-Videos-Part-1/Anomaly-Videos-Part-1,,mp4,13475086,52.0,30.0,320,240,1560,True,
anomaly/Robbery/Robbery127_x264.mp4,Robbery127_x264.mp4,anomaly,Robbery,Robbery/Robbery127_x264.mp4,/content/drive/MyDrive/Anomaly-Videos-Part-1/Anomaly-Videos-Part-1,,mp4,10048381,42.0,30.0,320,240,1260,True,
anomaly/Robbery/Robbery128_x264.mp4,Robbery128_x264.mp4,anomaly,Robbery,Robbery/Robbery128_x264.mp4,/content/drive/MyDrive/Anomaly-Videos-Part-1/Anomaly-Videos-Part-1,,mp4,35493631,220.033,30.0,320,240,6601,True,
anomaly/Robbery/Robbery129_x264.mp4,Robbery129_x264.mp4,anomaly,Robbery,Robbery/Robbery129_x264.mp4,/content/drive/MyDrive/Anomaly-Videos-Part-1/Anomaly-Videos-Part-1,,mp4,15059196,74.767,30.0,320,240,2243,True,
anomaly/Robbery/Robbery130_x264.mp4,Robbery130_x264.mp4,anomaly,Robbery,Robbery/Robbery130_x264.mp4,/content/drive/MyDrive/Anomaly-Videos-Part-1/Anomaly-Videos-Part-1,,mp4,13229183,61.233,30.0,319,240,1837,True,
anomaly/Robbery/Robbery131_x264.mp4,Robbery131_x264.mp4,anomaly,Robbery,Robbery/Robbery131_x264.mp4,/content/drive/MyDrive/Anomaly-Videos-Part-1/Anomaly-Videos-Part-1,,mp4,14585199,50.567,30.0,320,240,1517,True,
anomaly/Robbery/Robbery132_x264.mp4,Robbery132_x264.mp4,anomaly,Robbery,Robbery/Robbery132_x264.mp4,/content/drive/MyDrive/Anomaly-Videos-Part-1/Anomaly-Videos-Part-1,,mp4,5993147,22.067,30.0,320,240,662,True,
anomaly/Robbery/Robbery133_x264.mp4,Robbery133_x264.mp4,anomaly,Robbery,Robbery/Robbery133_x264.mp4,/content/drive/MyDrive/Anomaly-Videos-Part-1/Anomaly-Videos-Part-1,,mp4,14481556,59.667,30.0,319,240,1790,True,
anomaly/Robbery/Robbery134_x264.mp4,Robbery134_x264.mp4,anomaly,Robbery,Robbery/Robbery134_x264.mp4,/content/drive/MyDrive/Anomaly-Videos-Part-1/Anomaly-Videos-Part-1,,mp4,6133326,21.0,30.0,319,240,630,True,
anomaly/Robbery/Robbery135_x264.mp4,Robbery135_x264.mp4,anomaly,Robbery,Robbery/Robbery135_x264.mp4,/content/drive/MyDrive/Anomaly-Videos-Part-1/Anomaly-Videos-Part-1,,mp4,28378224,109.667,30.0,320,240,3290,True,
anomaly/Robbery/Robbery136_x264.mp4,Robbery136_x264.mp4,anomaly,Robbery,Robbery/Robbery136_x264.mp4,/content/drive/MyDrive/Anomaly-Videos-Part-1/Anomaly-Videos-Part-1,,mp4,7406702,37.0,30.0,320,240,1110,True,
anomaly/Robbery/Robbery137_x264.mp4,Robbery137_x264.mp4,anomaly,Robbery,Robbery/Robbery137_x264.mp4,/content/drive/MyDrive/Anomaly-Videos-Part-1/Anomaly-Videos-Part-1,,mp4,18967764,73.1,30.0,320,240,2193,True,
anomaly/Robbery/Robbery138_x264.mp4,Robbery138_x264.mp4,anomaly,Robbery,Robbery/Robbery138_x264.mp4,/content/drive/MyDrive/Anomaly-Videos-Part-1/Anomaly-Videos-Part-1,,mp4,4371386,20.767,30.0,320,240,623,True,
anomaly/Robbery/Robbery139_x264.mp4,Robbery139_x264.mp4,anomaly,Robbery,Robbery/Robbery139_x264.mp4,/content/drive/MyDrive/Anomaly-Videos-Part-1/Anomaly-Videos-Part-1,,mp4,7470514,32.7,30.0,320,240,981,True,
anomaly/Robbery/Robbery140_x264.mp4,Robbery140_x264.mp4,anomaly,Robbery,Robbery/Robbery140_x264.mp4,/content/drive/MyDrive/Anomaly-Videos-Part-1/Anomaly-Videos-Part-1,,mp4,4622476,35.6,30.0,319,240,1068,True,
anomaly/Robbery/Robbery141_x264.mp4,Robbery141_x264.mp4,anomaly,Robbery,Robbery/Robbery141_x264.mp4,/content/drive/MyDrive/Anomaly-Videos-Part-1/Anomaly-Videos-Part-1,,mp4,25800027,132.7,30.0,320,240,3981,True,
anomaly/Robbery/Robbery142_x264.mp4,Robbery142_x264.mp4,anomaly,Robbery,Robbery/Robbery142_x264.mp4,/content/drive/MyDrive/Anomaly-Videos-Part-1/Anomaly-Videos-Part-1,,mp4,21910119,83.433,30.0,319,240,2503,True,
anomaly/Robbery/Robbery143_x264.mp4,Robbery143_x264.mp4,anomaly,Robbery,Robbery/Robbery143_x264.mp4,/content/drive/MyDrive/Anomaly-Videos-Part-1/Anomaly-Videos-Part-1,,mp4,6827919,31.3,30.0,320,240,939,True,
anomaly/Robbery/Robbery144_x264.mp4,Robbery144_x264.mp4,anomaly,Robbery,Robbery/Robbery144_x264.mp4,/content/drive/MyDrive/Anomaly-Videos-Part-1/Anomaly-Videos-Part-1,,mp4,4274411,26.833,30.0,320,240,805,True,
anomaly/Robbery/Robbery145_x264.mp4,Robbery145_x264.mp4,anomaly,Robbery,Robbery/Robbery145_x264.mp4,/content/drive/MyDrive/Anomaly-Videos-Part-1/Anomaly-Videos-Part-1,,mp4,9841870,44.733,30.0,320,240,1342,True,
anomaly/Robbery/Robbery146_x264.mp4,Robbery146_x264.mp4,anomaly,Robbery,Robbery/Robbery146_x264.mp4,/content/drive/MyDrive/Anomaly-Videos-Part-1/Anomaly-Videos-Part-1,,mp4,13355841,54.6,30.0,320,240,1638,True,
anomaly/Robbery/Robbery147_x264.mp4,Robbery147_x264.mp4,anomaly,Robbery,Robbery/Robbery147_x264.mp4,/content/drive/MyDrive/Anomaly-Videos-Part-1/Anomaly-Videos-Part-1,,mp4,2566913,29.3,30.0,320,240,879,True,
anomaly/Robbery/Robbery148_x264.mp4,Robbery148_x264.mp4,anomaly,Robbery,Robbery/Robbery148_x264.mp4,/content/drive/MyDrive/Anomaly-Videos-Part-1/Anomaly-Videos-Part-1,,mp4,22015308,120.367,30.0,320,240,3611,True,
anomaly/Robbery/Robbery149_x264.mp4,Robbery149_x264.mp4,anomaly,Robbery,Robbery/Robbery149_x264.mp4,/content/drive/MyDrive/Anomaly-Videos-Part-1/Anomaly-Videos-Part-1,,mp4,10037135,41.867,30.0,320,240,1256,True,
anomaly/Robbery/Robbery150_x264.mp4,Robbery150_x264.mp4,anomaly,Robbery,Robbery/Robbery150_x264.mp4,/content/drive/MyDrive/Anomaly-Videos-Part-1/Anomaly-Videos-Part-1,,mp4,9303812,123.533,30.0,320,240,3706,True,
anomaly/Shooting/Shooting001_x264.mp4,Shooting001_x264.mp4,anomaly,Shooting,Shooting/Shooting001_x264.mp4,/content/drive/MyDrive/Anomaly-Videos-Part-1/Anomaly-Videos-Part-1,,mp4,2198741,8.433,30.0,320,240,253,True,
anomaly/Shooting/Shooting002_x264.mp4,Shooting002_x264.mp4,anomaly,Shooting,Shooting/Shooting002_x264.mp4,/content/drive/MyDrive/Anomaly-Videos-Part-1/Anomaly-Videos-Part-1,,mp4,6021373,40.2,30.0,319,240,1206,True,
anomaly/Shooting/Shooting003_x264.mp4,Shooting003_x264.mp4,anomaly,Shooting,Shooting/Shooting003_x264.mp4,/content/drive/MyDrive/Anomaly-Videos-Part-1/Anomaly-Videos-Part-1,,mp4,10971483,75.9,30.0,320,240,2277,True,
anomaly/Shooting/Shooting004_x264.mp4,Shooting004_x264.mp4,anomaly,Shooting,Shooting/Shooting004_x264.mp4,/content/drive/MyDrive/Anomaly-Videos-Part-1/Anomaly-Videos-Part-1,,mp4,11352747,59.767,30.0,320,240,1793,True,
anomaly/Shooting/Shooting005_x264.mp4,Shooting005_x264.mp4,anomaly,Shooting,Shooting/Shooting005_x264.mp4,/content/drive/MyDrive/Anomaly-Videos-Part-1/Anomaly-Videos-Part-1,,mp4,18296741,177.667,30.0,320,240,5330,True,
anomaly/Shooting/Shooting006_x264.mp4,Shooting006_x264.mp4,anomaly,Shooting,Shooting/Shooting006_x264.mp4,/content/drive/MyDrive/Anomaly-Videos-Part-1/Anomaly-Videos-Part-1,,mp4,58482169,435.767,30.0,320,240,13073,True,
anomaly/Shooting/Shooting007_x264.mp4,Shooting007_x264.mp4,anomaly,Shooting,Shooting/Shooting007_x264.mp4,/content/drive/MyDrive/Anomaly-Videos-Part-1/Anomaly-Videos-Part-1,,mp4,11893838,47.667,30.0,320,240,1430,True,
anomaly/Shooting/Shooting008_x264.mp4,Shooting008_x264.mp4,anomaly,Shooting,Shooting/Shooting008_x264.mp4,/content/drive/MyDrive/Anomaly-Videos-Part-1/Anomaly-Videos-Part-1,,mp4,8973362,54.167,30.0,320,240,1625,True,
anomaly/Shooting/Shooting009_x264.mp4,Shooting009_x264.mp4,anomaly,Shooting,Shooting/Shooting009_x264.mp4,/content/drive/MyDrive/Anomaly-Videos-Part-1/Anomaly-Videos-Part-1,,mp4,42116509,172.2,30.0,320,240,5166,True,
anomaly/Shooting/Shooting010_x264.mp4,Shooting010_x264.mp4,anomaly,Shooting,Shooting/Shooting010_x264.mp4,/content/drive/MyDrive/Anomaly-Videos-Part-1/Anomaly-Videos-Part-1,,mp4,12552876,88.033,30.0,320,240,2641,True,
anomaly/Shooting/Shooting011_x264.mp4,Shooting011_x264.mp4,anomaly,Shooting,Shooting/Shooting011_x264.mp4,/content/drive/MyDrive/Anomaly-Videos-Part-1/Anomaly-Videos-Part-1,,mp4,33560758,133.433,30.0,319,240,4003,True,
anomaly/Shooting/Shooting012_x264.mp4,Shooting012_x264.mp4,anomaly,Shooting,Shooting/Shooting012_x264.mp4,/content/drive/MyDrive/Anomaly-Videos-Part-1/Anomaly-Videos-Part-1,,mp4,10739877,62.867,30.0,320,240,1886,True,
anomaly/Shooting/Shooting013_x264.mp4,Shooting013_x264.mp4,anomaly,Shooting,Shooting/Shooting013_x264.mp4,/content/drive/MyDrive/Anomaly-Videos-Part-1/Anomaly-Videos-Part-1,,mp4,5761054,35.767,30.0,320,240,1073,True,
anomaly/Shooting/Shooting014_x264.mp4,Shooting014_x264.mp4,anomaly,Shooting,Shooting/Shooting014_x264.mp4,/content/drive/MyDrive/Anomaly-Videos-Part-1/Anomaly-Videos-Part-1,,mp4,43834515,213.667,30.0,320,240,6410,True,
anomaly/Shooting/Shooting015_x264.mp4,Shooting015_x264.mp4,anomaly,Shooting,Shooting/Shooting015_x264.mp4,/content/drive/MyDrive/Anomaly-Videos-Part-1/Anomaly-Videos-Part-1,,mp4,11584056,57.1,30.0,320,240,1713,True,
anomaly/Shooting/Shooting017_x264.mp4,Shooting017_x264.mp4,anomaly,Shooting,Shooting/Shooting017_x264.mp4,/content/drive/MyDrive/Anomaly-Videos-Part-1/Anomaly-Videos-Part-1,,mp4,6835002,31.4,30.0,319,240,942,True,
anomaly/Shooting/Shooting018_x264.mp4,Shooting018_x264.mp4,anomaly,Shooting,Shooting/Shooting018_x264.mp4,/content/drive/MyDrive/Anomaly-Videos-Part-1/Anomaly-Videos-Part-1,,mp4,10592329,59.967,30.0,318,240,1799,True,
anomaly/Shooting/Shooting019_x264.mp4,Shooting019_x264.mp4,anomaly,Shooting,Shooting/Shooting019_x264.mp4,/content/drive/MyDrive/Anomaly-Videos-Part-1/Anomaly-Videos-Part-1,,mp4,22336546,91.867,30.0,320,240,2756,True,
anomaly/Shooting/Shooting020_x264.mp4,Shooting020_x264.mp4,anomaly,Shooting,Shooting/Shooting020_x264.mp4,/content/drive/MyDrive/Anomaly-Videos-Part-1/Anomaly-Videos-Part-1,,mp4,43408700,169.733,30.0,320,240,5092,True,
anomaly/Shooting/Shooting021_x264.mp4,Shooting021_x264.mp4,anomaly,Shooting,Shooting/Shooting021_x264.mp4,/content/drive/MyDrive/Anomaly-Videos-Part-1/Anomaly-Videos-Part-1,,mp4,6322115,42.5,30.0,320,240,1275,True,
anomaly/Shooting/Shooting022_x264.mp4,Shooting022_x264.mp4,anomaly,Shooting,Shooting/Shooting022_x264.mp4,/content/drive/MyDrive/Anomaly-Videos-Part-1/Anomaly-Videos-Part-1,,mp4,26727977,151.8,30.0,319,240,4554,True,
anomaly/Shooting/Shooting023_x264.mp4,Shooting023_x264.mp4,anomaly,Shooting,Shooting/Shooting023_x264.mp4,/content/drive/MyDrive/Anomaly-Videos-Part-1/Anomaly-Videos-Part-1,,mp4,2545500,13.867,30.0,319,240,416,True,
anomaly/Shooting/Shooting024_x264.mp4,Shooting024_x264.mp4,anomaly,Shooting,Shooting/Shooting024_x264.mp4,/content/drive/MyDrive/Anomaly-Videos-Part-1/Anomaly-Videos-Part-1,,mp4,16637638,66.767,30.0,320,240,2003,True,
anomaly/Shooting/Shooting025_x264.mp4,Shooting025_x264.mp4,anomaly,Shooting,Shooting/Shooting025_x264.mp4,/content/drive/MyDrive/Anomaly-Videos-Part-1/Anomaly-Videos-Part-1,,mp4,20855288,81.633,30.0,320,240,2449,True,
anomaly/Shooting/Shooting026_x264.mp4,Shooting026_x264.mp4,anomaly,Shooting,Shooting/Shooting026_x264.mp4,/content/drive/MyDrive/Anomaly-Videos-Part-1/Anomaly-Videos-Part-1,,mp4,9870286,46.767,30.0,319,240,1403,True,
anomaly/Shooting/Shooting027_x264.mp4,Shooting027_x264.mp4,anomaly,Shooting,Shooting/Shooting027_x264.mp4,/content/drive/MyDrive/Anomaly-Videos-Part-1/Anomaly-Videos-Part-1,,mp4,5471304,23.6,30.0,320,240,708,True,
anomaly/Shooting/Shooting028_x264.mp4,Shooting028_x264.mp4,anomaly,Shooting,Shooting/Shooting028_x264.mp4,/content/drive/MyDrive/Anomaly-Videos-Part-1/Anomaly-Videos-Part-1,,mp4,7769678,63.267,30.0,318,240,1898,True,
anomaly/Shooting/Shooting029_x264.mp4,Shooting029_x264.mp4,anomaly,Shooting,Shooting/Shooting029_x264.mp4,/content/drive/MyDrive/Anomaly-Videos-Part-1/Anomaly-Videos-Part-1,,mp4,5631655,45.467,30.0,319,240,1364,True,
anomaly/Shooting/Shooting030_x264.mp4,Shooting030_x264.mp4,anomaly,Shooting,Shooting/Shooting030_x264.mp4,/content/drive/MyDrive/Anomaly-Videos-Part-1/Anomaly-Videos-Part-1,,mp4,4894079,38.067,30.0,319,240,1142,True,
anomaly/Shooting/Shooting031_x264.mp4,Shooting031_x264.mp4,anomaly,Shooting,Shooting/Shooting031_x264.mp4,/content/drive/MyDrive/Anomaly-Videos-Part-1/Anomaly-Videos-Part-1,,mp4,17740748,70.433,30.0,320,240,2113,True,
anomaly/Shooting/Shooting032_x264.mp4,Shooting032_x264.mp4,anomaly,Shooting,Shooting/Shooting032_x264.mp4,/content/drive/MyDrive/Anomaly-Videos-Part-1/Anomaly-Videos-Part-1,,mp4,190816540,722.7,30.0,320,240,21681,True,
anomaly/Shooting/Shooting033_x264.mp4,Shooting033_x264.mp4,anomaly,Shooting,Shooting/Shooting033_x264.mp4,/content/drive/MyDrive/Anomaly-Videos-Part-1/Anomaly-Videos-Part-1,,mp4,20215472,121.0,30.0,320,240,3630,True,
anomaly/Shooting/Shooting034_x264.mp4,Shooting034_x264.mp4,anomaly,Shooting,Shooting/Shooting034_x264.mp4,/content/drive/MyDrive/Anomaly-Videos-Part-1/Anomaly-Videos-Part-1,,mp4,6658766,46.967,30.0,320,240,1409,True,
anomaly/Shooting/Shooting036_x264.mp4,Shooting036_x264.mp4,anomaly,Shooting,Shooting/Shooting036_x264.mp4,/content/drive/MyDrive/Anomaly-Videos-Part-1/Anomaly-Videos-Part-1,,mp4,32390434,127.667,30.0,320,240,3830,True,
anomaly/Shooting/Shooting037_x264.mp4,Shooting037_x264.mp4,anomaly,Shooting,Shooting/Shooting037_x264.mp4,/content/drive/MyDrive/Anomaly-Videos-Part-1/Anomaly-Videos-Part-1,,mp4,978276,10.167,30.0,319,240,305,True,
anomaly/Shooting/Shooting038_x264.mp4,Shooting038_x264.mp4,anomaly,Shooting,Shooting/Shooting038_x264.mp4,/content/drive/MyDrive/Anomaly-Videos-Part-1/Anomaly-Videos-Part-1,,mp4,5462092,43.267,30.0,320,240,1298,True,
anomaly/Shooting/Shooting039_x264.mp4,Shooting039_x264.mp4,anomaly,Shooting,Shooting/Shooting039_x264.mp4,/content/drive/MyDrive/Anomaly-Videos-Part-1/Anomaly-Videos-Part-1,,mp4,4995682,27.7,30.0,320,240,831,True,
anomaly/Shooting/Shooting040_x264.mp4,Shooting040_x264.mp4,anomaly,Shooting,Shooting/Shooting040_x264.mp4,/content/drive/MyDrive/Anomaly-Videos-Part-1/Anomaly-Videos-Part-1,,mp4,7253113,28.667,30.0,318,240,860,True,
anomaly/Shooting/Shooting041_x264.mp4,Shooting041_x264.mp4,anomaly,Shooting,Shooting/Shooting041_x264.mp4,/content/drive/MyDrive/Anomaly-Videos-Part-1/Anomaly-Videos-Part-1,,mp4,8237252,46.367,30.0,320,240,1391,True,
anomaly/Shooting/Shooting042_x264.mp4,Shooting042_x264.mp4,anomaly,Shooting,Shooting/Shooting042_x264.mp4,/content/drive/MyDrive/Anomaly-Videos-Part-1/Anomaly-Videos-Part-1,,mp4,13309328,51.567,30.0,319,240,1547,True,
anomaly/Shooting/Shooting043_x264.mp4,Shooting043_x264.mp4,anomaly,Shooting,Shooting/Shooting043_x264.mp4,/content/drive/MyDrive/Anomaly-Videos-Part-1/Anomaly-Videos-Part-1,,mp4,13157380,62.467,30.0,320,240,1874,True,
anomaly/Shooting/Shooting044_x264.mp4,Shooting044_x264.mp4,anomaly,Shooting,Shooting/Shooting044_x264.mp4,/content/drive/MyDrive/Anomaly-Videos-Part-1/Anomaly-Videos-Part-1,,mp4,2656996,15.467,30.0,320,240,464,True,
anomaly/Shooting/Shooting046_x264.mp4,Shooting046_x264.mp4,anomaly,Shooting,Shooting/Shooting046_x264.mp4,/content/drive/MyDrive/Anomaly-Videos-Part-1/Anomaly-Videos-Part-1,,mp4,45551920,169.6,30.0,320,240,5088,True,
anomaly/Shooting/Shooting047_x264.mp4,Shooting047_x264.mp4,anomaly,Shooting,Shooting/Shooting047_x264.mp4,/content/drive/MyDrive/Anomaly-Videos-Part-1/Anomaly-Videos-Part-1,,mp4,69726385,276.233,30.0,320,240,8287,True,
anomaly/Shooting/Shooting048_x264.mp4,Shooting048_x264.mp4,anomaly,Shooting,Shooting/Shooting048_x264.mp4,/content/drive/MyDrive/Anomaly-Videos-Part-1/Anomaly-Videos-Part-1,,mp4,17491268,91.367,30.0,320,240,2741,True,
anomaly/Shooting/Shooting050_x264.mp4,Shooting050_x264.mp4,anomaly,Shooting,Shooting/Shooting050_x264.mp4,/content/drive/MyDrive/Anomaly-Videos-Part-1/Anomaly-Videos-Part-1,,mp4,17360439,127.6,30.0,320,240,3828,True,
anomaly/Shooting/Shooting051_x264.mp4,Shooting051_x264.mp4,anomaly,Shooting,Shooting/Shooting051_x264.mp4,/content/drive/MyDrive/Anomaly-Videos-Part-1/Anomaly-Videos-Part-1,,mp4,7398646,46.633,30.0,320,240,1399,True,
anomaly/Shooting/Shooting052_x264.mp4,Shooting052_x264.mp4,anomaly,Shooting,Shooting/Shooting052_x264.mp4,/content/drive/MyDrive/Anomaly-Videos-Part-1/Anomaly-Videos-Part-1,,mp4,41880007,185.567,30.0,320,240,5567,True,
anomaly/Shooting/Shooting053_x264.mp4,Shooting053_x264.mp4,anomaly,Shooting,Shooting/Shooting053_x264.mp4,/content/drive/MyDrive/Anomaly-Videos-Part-1/Anomaly-Videos-Part-1,,mp4,7059517,30.633,30.0,319,240,919,True,
anomaly/Shooting/Shooting054_x264.mp4,Shooting054_x264.mp4,anomaly,Shooting,Shooting/Shooting054_x264.mp4,/content/drive/MyDrive/Anomaly-Videos-Part-1/Anomaly-Videos-Part-1,,mp4,5178004,24.367,30.0,320,240,731,True,
anomaly/Shoplifting/Shoplifting001_x264.mp4,Shoplifting001_x264.mp4,anomaly,Shoplifting,Shoplifting/Shoplifting001_x264.mp4,/content/drive/MyDrive/Anomaly-Videos-Part-1/Anomaly-Videos-Part-1,,mp4,35944805,144.8,30.0,319,240,4344,True,
anomaly/Shoplifting/Shoplifting003_x264.mp4,Shoplifting003_x264.mp4,anomaly,Shoplifting,Shoplifting/Shoplifting003_x264.mp4,/content/drive/MyDrive/Anomaly-Videos-Part-1/Anomaly-Videos-Part-1,,mp4,90724415,360.567,30.0,319,240,10817,True,
anomaly/Shoplifting/Shoplifting004_x264.mp4,Shoplifting004_x264.mp4,anomaly,Shoplifting,Shoplifting/Shoplifting004_x264.mp4,/content/drive/MyDrive/Anomaly-Videos-Part-1/Anomaly-Videos-Part-1,,mp4,56620695,222.433,30.0,319,240,6673,True,
anomaly/Shoplifting/Shoplifting005_x264.mp4,Shoplifting005_x264.mp4,anomaly,Shoplifting,Shoplifting/Shoplifting005_x264.mp4,/content/drive/MyDrive/Anomaly-Videos-Part-1/Anomaly-Videos-Part-1,,mp4,16275571,65.567,30.0,320,240,1967,True,
anomaly/Shoplifting/Shoplifting006_x264.mp4,Shoplifting006_x264.mp4,anomaly,Shoplifting,Shoplifting/Shoplifting006_x264.mp4,/content/drive/MyDrive/Anomaly-Videos-Part-1/Anomaly-Videos-Part-1,,mp4,25652256,105.2,30.0,320,240,3156,True,
anomaly/Shoplifting/Shoplifting007_x264.mp4,Shoplifting007_x264.mp4,anomaly,Shoplifting,Shoplifting/Shoplifting007_x264.mp4,/content/drive/MyDrive/Anomaly-Videos-Part-1/Anomaly-Videos-Part-1,,mp4,45436413,170.8,30.0,320,240,5124,True,
anomaly/Shoplifting/Shoplifting008_x264.mp4,Shoplifting008_x264.mp4,anomaly,Shoplifting,Shoplifting/Shoplifting008_x264.mp4,/content/drive/MyDrive/Anomaly-Videos-Part-1/Anomaly-Videos-Part-1,,mp4,74733894,297.567,30.0,320,240,8927,True,
anomaly/Shoplifting/Shoplifting009_x264.mp4,Shoplifting009_x264.mp4,anomaly,Shoplifting,Shoplifting/Shoplifting009_x264.mp4,/content/drive/MyDrive/Anomaly-Videos-Part-1/Anomaly-Videos-Part-1,,mp4,43391198,173.367,30.0,320,240,5201,True,
anomaly/Shoplifting/Shoplifting010_x264.mp4,Shoplifting010_x264.mp4,anomaly,Shoplifting,Shoplifting/Shoplifting010_x264.mp4,/content/drive/MyDrive/Anomaly-Videos-Part-1/Anomaly-Videos-Part-1,,mp4,22406639,91.2,30.0,320,240,2736,True,
anomaly/Shoplifting/Shoplifting012_x264.mp4,Shoplifting012_x264.mp4,anomaly,Shoplifting,Shoplifting/Shoplifting012_x264.mp4,/content/drive/MyDrive/Anomaly-Videos-Part-1/Anomaly-Videos-Part-1,,mp4,193715466,781.1,30.0,320,240,23433,True,
anomaly/Shoplifting/Shoplifting013_x264.mp4,Shoplifting013_x264.mp4,anomaly,Shoplifting,Shoplifting/Shoplifting013_x264.mp4,/content/drive/MyDrive/Anomaly-Videos-Part-1/Anomaly-Videos-Part-1,,mp4,11093212,67.367,30.0,320,240,2021,True,
anomaly/Shoplifting/Shoplifting014_x264.mp4,Shoplifting014_x264.mp4,anomaly,Shoplifting,Shoplifting/Shoplifting014_x264.mp4,/content/drive/MyDrive/Anomaly-Videos-Part-1/Anomaly-Videos-Part-1,,mp4,541533854,2223.267,30.0,320,240,66698,True,
anomaly/Shoplifting/Shoplifting015_x264.mp4,Shoplifting015_x264.mp4,anomaly,Shoplifting,Shoplifting/Shoplifting015_x264.mp4,/content/drive/MyDrive/Anomaly-Videos-Part-1/Anomaly-Videos-Part-1,,mp4,18761721,75.2,30.0,320,240,2256,True,
anomaly/Shoplifting/Shoplifting016_x264.mp4,Shoplifting016_x264.mp4,anomaly,Shoplifting,Shoplifting/Shoplifting016_x264.mp4,/content/drive/MyDrive/Anomaly-Videos-Part-1/Anomaly-Videos-Part-1,,mp4,11043879,49.433,30.0,319,240,1483,True,
anomaly/Shoplifting/Shoplifting017_x264.mp4,Shoplifting017_x264.mp4,anomaly,Shoplifting,Shoplifting/Shoplifting017_x264.mp4,/content/drive/MyDrive/Anomaly-Videos-Part-1/Anomaly-Videos-Part-1,,mp4,3549517,15.233,30.0,319,240,457,True,
anomaly/Shoplifting/Shoplifting018_x264.mp4,Shoplifting018_x264.mp4,anomaly,Shoplifting,Shoplifting/Shoplifting018_x264.mp4,/content/drive/MyDrive/Anomaly-Videos-Part-1/Anomaly-Videos-Part-1,,mp4,17656317,71.067,30.0,320,240,2132,True,
anomaly/Shoplifting/Shoplifting019_x264.mp4,Shoplifting019_x264.mp4,anomaly,Shoplifting,Shoplifting/Shoplifting019_x264.mp4,/content/drive/MyDrive/Anomaly-Videos-Part-1/Anomaly-Videos-Part-1,,mp4,6141483,21.9,30.0,320,240,657,True,
anomaly/Shoplifting/Shoplifting020_x264.mp4,Shoplifting020_x264.mp4,anomaly,Shoplifting,Shoplifting/Shoplifting020_x264.mp4,/content/drive/MyDrive/Anomaly-Videos-Part-1/Anomaly-Videos-Part-1,,mp4,46703722,192.333,30.0,319,240,5770,True,
anomaly/Shoplifting/Shoplifting021_x264.mp4,Shoplifting021_x264.mp4,anomaly,Shoplifting,Shoplifting/Shoplifting021_x264.mp4,/content/drive/MyDrive/Anomaly-Videos-Part-1/Anomaly-Videos-Part-1,,mp4,27661594,118.367,30.0,320,240,3551,True,
anomaly/Shoplifting/Shoplifting022_x264.mp4,Shoplifting022_x264.mp4,anomaly,Shoplifting,Shoplifting/Shoplifting022_x264.mp4,/content/drive/MyDrive/Anomaly-Videos-Part-1/Anomaly-Videos-Part-1,,mp4,16095795,73.033,30.0,320,240,2191,True,
anomaly/Shoplifting/Shoplifting024_x264.mp4,Shoplifting024_x264.mp4,anomaly,Shoplifting,Shoplifting/Shoplifting024_x264.mp4,/content/drive/MyDrive/Anomaly-Videos-Part-1/Anomaly-Videos-Part-1,,mp4,5906869,40.267,30.0,320,240,1208,True,
anomaly/Shoplifting/Shoplifting025_x264.mp4,Shoplifting025_x264.mp4,anomaly,Shoplifting,Shoplifting/Shoplifting025_x264.mp4,/content/drive/MyDrive/Anomaly-Videos-Part-1/Anomaly-Videos-Part-1,,mp4,15229146,60.8,30.0,320,240,1824,True,
anomaly/Shoplifting/Shoplifting026_x264.mp4,Shoplifting026_x264.mp4,anomaly,Shoplifting,Shoplifting/Shoplifting026_x264.mp4,/content/drive/MyDrive/Anomaly-Videos-Part-1/Anomaly-Videos-Part-1,,mp4,8887373,47.0,30.0,320,240,1410,True,
anomaly/Shoplifting/Shoplifting027_x264.mp4,Shoplifting027_x264.mp4,anomaly,Shoplifting,Shoplifting/Shoplifting027_x264.mp4,/content/drive/MyDrive/Anomaly-Videos-Part-1/Anomaly-Videos-Part-1,,mp4,13921810,62.433,30.0,320,240,1873,True,
anomaly/Shoplifting/Shoplifting028_x264.mp4,Shoplifting028_x264.mp4,anomaly,Shoplifting,Shoplifting/Shoplifting028_x264.mp4,/content/drive/MyDrive/Anomaly-Videos-Part-1/Anomaly-Videos-Part-1,,mp4,6804258,45.233,30.0,320,240,1357,True,
anomaly/Shoplifting/Shoplifting029_x264.mp4,Shoplifting029_x264.mp4,anomaly,Shoplifting,Shoplifting/Shoplifting029_x264.mp4,/content/drive/MyDrive/Anomaly-Videos-Part-1/Anomaly-Videos-Part-1,,mp4,15397523,72.533,30.0,320,240,2176,True,
anomaly/Shoplifting/Shoplifting030_x264.mp4,Shoplifting030_x264.mp4,anomaly,Shoplifting,Shoplifting/Shoplifting030_x264.mp4,/content/drive/MyDrive/Anomaly-Videos-Part-1/Anomaly-Videos-Part-1,,mp4,211680812,806.433,30.0,320,240,24193,True,
anomaly/Shoplifting/Shoplifting031_x264.mp4,Shoplifting031_x264.mp4,anomaly,Shoplifting,Shoplifting/Shoplifting031_x264.mp4,/content/drive/MyDrive/Anomaly-Videos-Part-1/Anomaly-Videos-Part-1,,mp4,3581720,14.9,30.0,319,240,447,True,
anomaly/Shoplifting/Shoplifting032_x264.mp4,Shoplifting032_x264.mp4,anomaly,Shoplifting,Shoplifting/Shoplifting032_x264.mp4,/content/drive/MyDrive/Anomaly-Videos-Part-1/Anomaly-Videos-Part-1,,mp4,11560817,47.533,30.0,320,240,1426,True,
anomaly/Shoplifting/Shoplifting033_x264.mp4,Shoplifting033_x264.mp4,anomaly,Shoplifting,Shoplifting/Shoplifting033_x264.mp4,/content/drive/MyDrive/Anomaly-Videos-Part-1/Anomaly-Videos-Part-1,,mp4,7365027,29.967,30.0,320,240,899,True,
anomaly/Shoplifting/Shoplifting034_x264.mp4,Shoplifting034_x264.mp4,anomaly,Shoplifting,Shoplifting/Shoplifting034_x264.mp4,/content/drive/MyDrive/Anomaly-Videos-Part-1/Anomaly-Videos-Part-1,,mp4,95892310,397.9,30.0,319,240,11937,True,
anomaly/Shoplifting/Shoplifting036_x264.mp4,Shoplifting036_x264.mp4,anomaly,Shoplifting,Shoplifting/Shoplifting036_x264.mp4,/content/drive/MyDrive/Anomaly-Videos-Part-1/Anomaly-Videos-Part-1,,mp4,34655375,121.9,30.0,319,240,3657,True,
anomaly/Shoplifting/Shoplifting037_x264.mp4,Shoplifting037_x264.mp4,anomaly,Shoplifting,Shoplifting/Shoplifting037_x264.mp4,/content/drive/MyDrive/Anomaly-Videos-Part-1/Anomaly-Videos-Part-1,,mp4,11740357,46.2,30.0,319,240,1386,True,
anomaly/Shoplifting/Shoplifting038_x264.mp4,Shoplifting038_x264.mp4,anomaly,Shoplifting,Shoplifting/Shoplifting038_x264.mp4,/content/drive/MyDrive/Anomaly-Videos-Part-1/Anomaly-Videos-Part-1,,mp4,18713624,96.8,30.0,320,240,2904,True,
anomaly/Shoplifting/Shoplifting039_x264.mp4,Shoplifting039_x264.mp4,anomaly,Shoplifting,Shoplifting/Shoplifting039_x264.mp4,/content/drive/MyDrive/Anomaly-Videos-Part-1/Anomaly-Videos-Part-1,,mp4,22375099,93.433,30.0,320,240,2803,True,
anomaly/Shoplifting/Shoplifting040_x264.mp4,Shoplifting040_x264.mp4,anomaly,Shoplifting,Shoplifting/Shoplifting040_x264.mp4,/content/drive/MyDrive/Anomaly-Videos-Part-1/Anomaly-Videos-Part-1,,mp4,235580849,906.933,30.0,320,240,27208,True,
anomaly/Shoplifting/Shoplifting041_x264.mp4,Shoplifting041_x264.mp4,anomaly,Shoplifting,Shoplifting/Shoplifting041_x264.mp4,/content/drive/MyDrive/Anomaly-Videos-Part-1/Anomaly-Videos-Part-1,,mp4,99241152,411.167,30.0,320,240,12335,True,
anomaly/Shoplifting/Shoplifting042_x264.mp4,Shoplifting042_x264.mp4,anomaly,Shoplifting,Shoplifting/Shoplifting042_x264.mp4,/content/drive/MyDrive/Anomaly-Videos-Part-1/Anomaly-Videos-Part-1,,mp4,43151257,170.7,30.0,320,240,5121,True,
anomaly/Shoplifting/Shoplifting043_x264.mp4,Shoplifting043_x264.mp4,anomaly,Shoplifting,Shoplifting/Shoplifting043_x264.mp4,/content/drive/MyDrive/Anomaly-Videos-Part-1/Anomaly-Videos-Part-1,,mp4,78828763,317.267,30.0,318,240,9518,True,
anomaly/Shoplifting/Shoplifting044_x264.mp4,Shoplifting044_x264.mp4,anomaly,Shoplifting,Shoplifting/Shoplifting044_x264.mp4,/content/drive/MyDrive/Anomaly-Videos-Part-1/Anomaly-Videos-Part-1,,mp4,117375590,485.167,30.0,319,240,14555,True,
anomaly/Shoplifting/Shoplifting045_x264.mp4,Shoplifting045_x264.mp4,anomaly,Shoplifting,Shoplifting/Shoplifting045_x264.mp4,/content/drive/MyDrive/Anomaly-Videos-Part-1/Anomaly-Videos-Part-1,,mp4,8800302,54.667,30.0,320,240,1640,True,
anomaly/Shoplifting/Shoplifting047_x264.mp4,Shoplifting047_x264.mp4,anomaly,Shoplifting,Shoplifting/Shoplifting047_x264.mp4,/content/drive/MyDrive/Anomaly-Videos-Part-1/Anomaly-Videos-Part-1,,mp4,19216106,79.233,30.0,320,240,2377,True,
anomaly/Shoplifting/Shoplifting048_x264.mp4,Shoplifting048_x264.mp4,anomaly,Shoplifting,Shoplifting/Shoplifting048_x264.mp4,/content/drive/MyDrive/Anomaly-Videos-Part-1/Anomaly-Videos-Part-1,,mp4,27057341,103.6,30.0,320,240,3108,True,
anomaly/Shoplifting/Shoplifting049_x264.mp4,Shoplifting049_x264.mp4,anomaly,Shoplifting,Shoplifting/Shoplifting049_x264.mp4,/content/drive/MyDrive/Anomaly-Videos-Part-1/Anomaly-Videos-Part-1,,mp4,17326646,71.633,30.0,319,240,2149,True,
anomaly/Shoplifting/Shoplifting050_x264.mp4,Shoplifting050_x264.mp4,anomaly,Shoplifting,Shoplifting/Shoplifting050_x264.mp4,/content/drive/MyDrive/Anomaly-Videos-Part-1/Anomaly-Videos-Part-1,,mp4,17209474,83.533,30.0,320,240,2506,True,
anomaly/Shoplifting/Shoplifting051_x264.mp4,Shoplifting051_x264.mp4,anomaly,Shoplifting,Shoplifting/Shoplifting051_x264.mp4,/content/drive/MyDrive/Anomaly-Videos-Part-1/Anomaly-Videos-Part-1,,mp4,60174982,240.6,30.0,319,240,7218,True,
anomaly/Shoplifting/Shoplifting052_x264.mp4,Shoplifting052_x264.mp4,anomaly,Shoplifting,Shoplifting/Shoplifting052_x264.mp4,/content/drive/MyDrive/Anomaly-Videos-Part-1/Anomaly-Videos-Part-1,,mp4,63508947,254.867,30.0,319,240,7646,True,
anomaly/Shoplifting/Shoplifting053_x264.mp4,Shoplifting053_x264.mp4,anomaly,Shoplifting,Shoplifting/Shoplifting053_x264.mp4,/content/drive/MyDrive/Anomaly-Videos-Part-1/Anomaly-Videos-Part-1,,mp4,12277634,69.9,30.0,320,240,2097,True,
anomaly/Shoplifting/Shoplifting054_x264.mp4,Shoplifting054_x264.mp4,anomaly,Shoplifting,Shoplifting/Shoplifting054_x264.mp4,/content/drive/MyDrive/Anomaly-Videos-Part-1/Anomaly-Videos-Part-1,,mp4,7710989,34.167,30.0,320,240,1025,True,
anomaly/Shoplifting/Shoplifting055_x264.mp4,Shoplifting055_x264.mp4,anomaly,Shoplifting,Shoplifting/Shoplifting055_x264.mp4,/content/drive/MyDrive/Anomaly-Videos-Part-1/Anomaly-Videos-Part-1,,mp4,54165484,225.667,30.0,320,240,6770,True,
anomaly/Stealing/Stealing002_x264.mp4,Stealing002_x264.mp4,anomaly,Stealing,Stealing/Stealing002_x264.mp4,/content/drive/MyDrive/Anomaly-Videos-Part-1/Anomaly-Videos-Part-1,,mp4,15233758,117.233,30.0,320,240,3517,True,
anomaly/Stealing/Stealing003_x264.mp4,Stealing003_x264.mp4,anomaly,Stealing,Stealing/Stealing003_x264.mp4,/content/drive/MyDrive/Anomaly-Videos-Part-1/Anomaly-Videos-Part-1,,mp4,26631485,119.2,30.0,320,240,3576,True,
anomaly/Stealing/Stealing004_x264.mp4,Stealing004_x264.mp4,anomaly,Stealing,Stealing/Stealing004_x264.mp4,/content/drive/MyDrive/Anomaly-Videos-Part-1/Anomaly-Videos-Part-1,,mp4,40735901,221.8,30.0,320,240,6654,True,
anomaly/Stealing/Stealing006_x264.mp4,Stealing006_x264.mp4,anomaly,Stealing,Stealing/Stealing006_x264.mp4,/content/drive/MyDrive/Anomaly-Videos-Part-1/Anomaly-Videos-Part-1,,mp4,27951712,107.433,30.0,320,240,3223,True,
anomaly/Stealing/Stealing007_x264.mp4,Stealing007_x264.mp4,anomaly,Stealing,Stealing/Stealing007_x264.mp4,/content/drive/MyDrive/Anomaly-Videos-Part-1/Anomaly-Videos-Part-1,,mp4,17845154,103.0,30.0,320,240,3090,True,
anomaly/Stealing/Stealing008_x264.mp4,Stealing008_x264.mp4,anomaly,Stealing,Stealing/Stealing008_x264.mp4,/content/drive/MyDrive/Anomaly-Videos-Part-1/Anomaly-Videos-Part-1,,mp4,19804740,167.0,30.0,320,240,5010,True,
anomaly/Stealing/Stealing009_x264.mp4,Stealing009_x264.mp4,anomaly,Stealing,Stealing/Stealing009_x264.mp4,/content/drive/MyDrive/Anomaly-Videos-Part-1/Anomaly-Videos-Part-1,,mp4,11589799,53.8,30.0,320,240,1614,True,
anomaly/Stealing/Stealing010_x264.mp4,Stealing010_x264.mp4,anomaly,Stealing,Stealing/Stealing010_x264.mp4,/content/drive/MyDrive/Anomaly-Videos-Part-1/Anomaly-Videos-Part-1,,mp4,25452407,101.1,30.0,320,240,3033,True,
anomaly/Stealing/Stealing011_x264.mp4,Stealing011_x264.mp4,anomaly,Stealing,Stealing/Stealing011_x264.mp4,/content/drive/MyDrive/Anomaly-Videos-Part-1/Anomaly-Videos-Part-1,,mp4,27565440,123.9,30.0,320,240,3717,True,
anomaly/Stealing/Stealing012_x264.mp4,Stealing012_x264.mp4,anomaly,Stealing,Stealing/Stealing012_x264.mp4,/content/drive/MyDrive/Anomaly-Videos-Part-1/Anomaly-Videos-Part-1,,mp4,16048726,90.433,30.0,320,240,2713,True,
anomaly/Stealing/Stealing013_x264.mp4,Stealing013_x264.mp4,anomaly,Stealing,Stealing/Stealing013_x264.mp4,/content/drive/MyDrive/Anomaly-Videos-Part-1/Anomaly-Videos-Part-1,,mp4,68508192,308.367,30.0,320,240,9251,True,
anomaly/Stealing/Stealing014_x264.mp4,Stealing014_x264.mp4,anomaly,Stealing,Stealing/Stealing014_x264.mp4,/content/drive/MyDrive/Anomaly-Videos-Part-1/Anomaly-Videos-Part-1,,mp4,28790164,112.167,30.0,320,240,3365,True,
anomaly/Stealing/Stealing015_x264.mp4,Stealing015_x264.mp4,anomaly,Stealing,Stealing/Stealing015_x264.mp4,/content/drive/MyDrive/Anomaly-Videos-Part-1/Anomaly-Videos-Part-1,,mp4,9695741,60.0,30.0,320,240,1800,True,
anomaly/Stealing/Stealing016_x264.mp4,Stealing016_x264.mp4,anomaly,Stealing,Stealing/Stealing016_x264.mp4,/content/drive/MyDrive/Anomaly-Videos-Part-1/Anomaly-Videos-Part-1,,mp4,8556635,81.667,30.0,320,240,2450,True,
anomaly/Stealing/Stealing017_x264.mp4,Stealing017_x264.mp4,anomaly,Stealing,Stealing/Stealing017_x264.mp4,/content/drive/MyDrive/Anomaly-Videos-Part-1/Anomaly-Videos-Part-1,,mp4,15997417,62.9,30.0,320,240,1887,True,
anomaly/Stealing/Stealing018_x264.mp4,Stealing018_x264.mp4,anomaly,Stealing,Stealing/Stealing018_x264.mp4,/content/drive/MyDrive/Anomaly-Videos-Part-1/Anomaly-Videos-Part-1,,mp4,13409900,68.4,30.0,320,240,2052,True,
anomaly/Stealing/Stealing019_x264.mp4,Stealing019_x264.mp4,anomaly,Stealing,Stealing/Stealing019_x264.mp4,/content/drive/MyDrive/Anomaly-Videos-Part-1/Anomaly-Videos-Part-1,,mp4,29010147,163.7,30.0,319,240,4911,True,
anomaly/Stealing/Stealing020_x264.mp4,Stealing020_x264.mp4,anomaly,Stealing,Stealing/Stealing020_x264.mp4,/content/drive/MyDrive/Anomaly-Videos-Part-1/Anomaly-Videos-Part-1,,mp4,30314842,220.1,30.0,319,240,6603,True,
anomaly/Stealing/Stealing021_x264.mp4,Stealing021_x264.mp4,anomaly,Stealing,Stealing/Stealing021_x264.mp4,/content/drive/MyDrive/Anomaly-Videos-Part-1/Anomaly-Videos-Part-1,,mp4,34512521,137.367,30.0,319,240,4121,True,
anomaly/Stealing/Stealing022_x264.mp4,Stealing022_x264.mp4,anomaly,Stealing,Stealing/Stealing022_x264.mp4,/content/drive/MyDrive/Anomaly-Videos-Part-1/Anomaly-Videos-Part-1,,mp4,19102438,81.967,30.0,320,240,2459,True,
anomaly/Stealing/Stealing023_x264.mp4,Stealing023_x264.mp4,anomaly,Stealing,Stealing/Stealing023_x264.mp4,/content/drive/MyDrive/Anomaly-Videos-Part-1/Anomaly-Videos-Part-1,,mp4,27493557,169.067,30.0,319,240,5072,True,
anomaly/Stealing/Stealing024_x264.mp4,Stealing024_x264.mp4,anomaly,Stealing,Stealing/Stealing024_x264.mp4,/content/drive/MyDrive/Anomaly-Videos-Part-1/Anomaly-Videos-Part-1,,mp4,18377294,82.167,30.0,320,240,2465,True,
anomaly/Stealing/Stealing025_x264.mp4,Stealing025_x264.mp4,anomaly,Stealing,Stealing/Stealing025_x264.mp4,/content/drive/MyDrive/Anomaly-Videos-Part-1/Anomaly-Videos-Part-1,,mp4,125470940,727.167,30.0,319,240,21815,True,
anomaly/Stealing/Stealing026_x264.mp4,Stealing026_x264.mp4,anomaly,Stealing,Stealing/Stealing026_x264.mp4,/content/drive/MyDrive/Anomaly-Videos-Part-1/Anomaly-Videos-Part-1,,mp4,18166119,91.833,30.0,320,240,2755,True,
anomaly/Stealing/Stealing027_x264.mp4,Stealing027_x264.mp4,anomaly,Stealing,Stealing/Stealing027_x264.mp4,/content/drive/MyDrive/Anomaly-Videos-Part-1/Anomaly-Videos-Part-1,,mp4,16075323,63.467,30.0,320,240,1904,True,
anomaly/Stealing/Stealing028_x264.mp4,Stealing028_x264.mp4,anomaly,Stealing,Stealing/Stealing028_x264.mp4,/content/drive/MyDrive/Anomaly-Videos-Part-1/Anomaly-Videos-Part-1,,mp4,7793983,58.967,30.0,320,240,1769,True,
anomaly/Stealing/Stealing029_x264.mp4,Stealing029_x264.mp4,anomaly,Stealing,Stealing/Stealing029_x264.mp4,/content/drive/MyDrive/Anomaly-Videos-Part-1/Anomaly-Videos-Part-1,,mp4,3533835,13.533,30.0,318,240,406,True,
anomaly/Stealing/Stealing030_x264.mp4,Stealing030_x264.mp4,anomaly,Stealing,Stealing/Stealing030_x264.mp4,/content/drive/MyDrive/Anomaly-Videos-Part-1/Anomaly-Videos-Part-1,,mp4,5697669,28.2,30.0,318,240,846,True,
anomaly/Stealing/Stealing031_x264.mp4,Stealing031_x264.mp4,anomaly,Stealing,Stealing/Stealing031_x264.mp4,/content/drive/MyDrive/Anomaly-Videos-Part-1/Anomaly-Videos-Part-1,,mp4,8915473,36.233,30.0,320,240,1087,True,
anomaly/Stealing/Stealing032_x264.mp4,Stealing032_x264.mp4,anomaly,Stealing,Stealing/Stealing032_x264.mp4,/content/drive/MyDrive/Anomaly-Videos-Part-1/Anomaly-Videos-Part-1,,mp4,32764270,179.833,30.0,320,240,5395,True,
anomaly/Stealing/Stealing035_x264.mp4,Stealing035_x264.mp4,anomaly,Stealing,Stealing/Stealing035_x264.mp4,/content/drive/MyDrive/Anomaly-Videos-Part-1/Anomaly-Videos-Part-1,,mp4,57570075,371.8,30.0,320,240,11154,True,
anomaly/Stealing/Stealing036_x264.mp4,Stealing036_x264.mp4,anomaly,Stealing,Stealing/Stealing036_x264.mp4,/content/drive/MyDrive/Anomaly-Videos-Part-1/Anomaly-Videos-Part-1,,mp4,12808732,83.433,30.0,320,240,2503,True,
anomaly/Stealing/Stealing037_x264.mp4,Stealing037_x264.mp4,anomaly,Stealing,Stealing/Stealing037_x264.mp4,/content/drive/MyDrive/Anomaly-Videos-Part-1/Anomaly-Videos-Part-1,,mp4,39638502,158.2,30.0,320,240,4746,True,
anomaly/Stealing/Stealing042_x264.mp4,Stealing042_x264.mp4,anomaly,Stealing,Stealing/Stealing042_x264.mp4,/content/drive/MyDrive/Anomaly-Videos-Part-1/Anomaly-Videos-Part-1,,mp4,19402216,140.0,30.0,320,240,4200,True,
anomaly/Stealing/Stealing043_x264.mp4,Stealing043_x264.mp4,anomaly,Stealing,Stealing/Stealing043_x264.mp4,/content/drive/MyDrive/Anomaly-Videos-Part-1/Anomaly-Videos-Part-1,,mp4,17104598,160.433,30.0,320,240,4813,True,
anomaly/Stealing/Stealing044_x264.mp4,Stealing044_x264.mp4,anomaly,Stealing,Stealing/Stealing044_x264.mp4,/content/drive/MyDrive/Anomaly-Videos-Part-1/Anomaly-Videos-Part-1,,mp4,23395830,107.0,30.0,320,240,3210,True,
anomaly/Stealing/Stealing045_x264.mp4,Stealing045_x264.mp4,anomaly,Stealing,Stealing/Stealing045_x264.mp4,/content/drive/MyDrive/Anomaly-Videos-Part-1/Anomaly-Videos-Part-1,,mp4,60834899,355.4,30.0,320,240,10662,True,
anomaly/Stealing/Stealing046_x264.mp4,Stealing046_x264.mp4,anomaly,Stealing,Stealing/Stealing046_x264.mp4,/content/drive/MyDrive/Anomaly-Videos-Part-1/Anomaly-Videos-Part-1,,mp4,88665704,343.5,30.0,319,240,10305,True,
anomaly/Stealing/Stealing047_x264.mp4,Stealing047_x264.mp4,anomaly,Stealing,Stealing/Stealing047_x264.mp4,/content/drive/MyDrive/Anomaly-Videos-Part-1/Anomaly-Videos-Part-1,,mp4,11124139,45.067,30.0,320,240,1352,True,
anomaly/Stealing/Stealing048_x264.mp4,Stealing048_x264.mp4,anomaly,Stealing,Stealing/Stealing048_x264.mp4,/content/drive/MyDrive/Anomaly-Videos-Part-1/Anomaly-Videos-Part-1,,mp4,59319924,252.233,30.0,319,240,7567,True,
anomaly/Stealing/Stealing049_x264.mp4,Stealing049_x264.mp4,anomaly,Stealing,Stealing/Stealing049_x264.mp4,/content/drive/MyDrive/Anomaly-Videos-Part-1/Anomaly-Videos-Part-1,,mp4,12357752,49.2,30.0,320,240,1476,True,
anomaly/Stealing/Stealing050_x264.mp4,Stealing050_x264.mp4,anomaly,Stealing,Stealing/Stealing050_x264.mp4,/content/drive/MyDrive/Anomaly-Videos-Part-1/Anomaly-Videos-Part-1,,mp4,24644448,111.5,30.0,319,240,3345,True,
anomaly/Stealing/Stealing051_x264.mp4,Stealing051_x264.mp4,anomaly,Stealing,Stealing/Stealing051_x264.mp4,/content/drive/MyDrive/Anomaly-Videos-Part-1/Anomaly-Videos-Part-1,,mp4,27900915,111.0,30.0,320,240,3330,True,
anomaly/Stealing/Stealing052_x264.mp4,Stealing052_x264.mp4,anomaly,Stealing,Stealing/Stealing052_x264.mp4,/content/drive/MyDrive/Anomaly-Videos-Part-1/Anomaly-Videos-Part-1,,mp4,25489915,112.5,30.0,319,240,3375,True,
anomaly/Stealing/Stealing053_x264.mp4,Stealing053_x264.mp4,anomaly,Stealing,Stealing/Stealing053_x264.mp4,/content/drive/MyDrive/Anomaly-Videos-Part-1/Anomaly-Videos-Part-1,,mp4,95477146,435.233,30.0,320,240,13057,True,
anomaly/Stealing/Stealing054_x264.mp4,Stealing054_x264.mp4,anomaly,Stealing,Stealing/Stealing054_x264.mp4,/content/drive/MyDrive/Anomaly-Videos-Part-1/Anomaly-Videos-Part-1,,mp4,25039324,88.967,30.0,320,240,2669,True,
anomaly/Stealing/Stealing055_x264.mp4,Stealing055_x264.mp4,anomaly,Stealing,Stealing/Stealing055_x264.mp4,/content/drive/MyDrive/Anomaly-Videos-Part-1/Anomaly-Videos-Part-1,,mp4,10421682,53.933,30.0,319,240,1618,True,
anomaly/Stealing/Stealing057_x264.mp4,Stealing057_x264.mp4,anomaly,Stealing,Stealing/Stealing057_x264.mp4,/content/drive/MyDrive/Anomaly-Videos-Part-1/Anomaly-Videos-Part-1,,mp4,11185775,100.5,30.0,320,240,3015,True,
anomaly/Stealing/Stealing058_x264.mp4,Stealing058_x264.mp4,anomaly,Stealing,Stealing/Stealing058_x264.mp4,/content/drive/MyDrive/Anomaly-Videos-Part-1/Anomaly-Videos-Part-1,,mp4,38940278,166.367,30.0,320,240,4991,True,
anomaly/Stealing/Stealing059_x264.mp4,Stealing059_x264.mp4,anomaly,Stealing,Stealing/Stealing059_x264.mp4,/content/drive/MyDrive/Anomaly-Videos-Part-1/Anomaly-Videos-Part-1,,mp4,9943755,74.433,30.0,319,240,2233,True,
anomaly/Stealing/Stealing060_x264.mp4,Stealing060_x264.mp4,anomaly,Stealing,Stealing/Stealing060_x264.mp4,/content/drive/MyDrive/Anomaly-Videos-Part-1/Anomaly-Videos-Part-1,,mp4,9623306,50.667,30.0,320,240,1520,True,
anomaly/Stealing/Stealing061_x264.mp4,Stealing061_x264.mp4,anomaly,Stealing,Stealing/Stealing061_x264.mp4,/content/drive/MyDrive/Anomaly-Videos-Part-1/Anomaly-Videos-Part-1,,mp4,13570397,80.167,30.0,319,240,2405,True,
anomaly/Stealing/Stealing062_x264.mp4,Stealing062_x264.mp4,anomaly,Stealing,Stealing/Stealing062_x264.mp4,/content/drive/MyDrive/Anomaly-Videos-Part-1/Anomaly-Videos-Part-1,,mp4,12586142,52.0,30.0,319,240,1560,True,
anomaly/Stealing/Stealing063_x264.mp4,Stealing063_x264.mp4,anomaly,Stealing,Stealing/Stealing063_x264.mp4,/content/drive/MyDrive/Anomaly-Videos-Part-1/Anomaly-Videos-Part-1,,mp4,97054241,386.367,30.0,320,240,11591,True,
anomaly/Stealing/Stealing065_x264.mp4,Stealing065_x264.mp4,anomaly,Stealing,Stealing/Stealing065_x264.mp4,/content/drive/MyDrive/Anomaly-Videos-Part-1/Anomaly-Videos-Part-1,,mp4,25121183,182.833,30.0,320,240,5485,True,
anomaly/Stealing/Stealing066_x264.mp4,Stealing066_x264.mp4,anomaly,Stealing,Stealing/Stealing066_x264.mp4,/content/drive/MyDrive/Anomaly-Videos-Part-1/Anomaly-Videos-Part-1,,mp4,11294721,42.667,30.0,320,240,1280,True,
anomaly/Stealing/Stealing067_x264.mp4,Stealing067_x264.mp4,anomaly,Stealing,Stealing/Stealing067_x264.mp4,/content/drive/MyDrive/Anomaly-Videos-Part-1/Anomaly-Videos-Part-1,,mp4,14109000,70.0,30.0,320,240,2100,True,
anomaly/Stealing/Stealing068_x264.mp4,Stealing068_x264.mp4,anomaly,Stealing,Stealing/Stealing068_x264.mp4,/content/drive/MyDrive/Anomaly-Videos-Part-1/Anomaly-Videos-Part-1,,mp4,54684414,228.633,30.0,320,240,6859,True,
anomaly/Stealing/Stealing069_x264.mp4,Stealing069_x264.mp4,anomaly,Stealing,Stealing/Stealing069_x264.mp4,/content/drive/MyDrive/Anomaly-Videos-Part-1/Anomaly-Videos-Part-1,,mp4,4074069,26.7,30.0,318,240,801,True,
anomaly/Stealing/Stealing070_x264.mp4,Stealing070_x264.mp4,anomaly,Stealing,Stealing/Stealing070_x264.mp4,/content/drive/MyDrive/Anomaly-Videos-Part-1/Anomaly-Videos-Part-1,,mp4,5394786,44.833,30.0,320,240,1345,True,
anomaly/Stealing/Stealing071_x264.mp4,Stealing071_x264.mp4,anomaly,Stealing,Stealing/Stealing071_x264.mp4,/content/drive/MyDrive/Anomaly-Videos-Part-1/Anomaly-Videos-Part-1,,mp4,7114730,32.033,30.0,320,240,961,True,
anomaly/Stealing/Stealing072_x264.mp4,Stealing072_x264.mp4,anomaly,Stealing,Stealing/Stealing072_x264.mp4,/content/drive/MyDrive/Anomaly-Videos-Part-1/Anomaly-Videos-Part-1,,mp4,32238756,387.133,30.0,319,240,11614,True,
anomaly/Stealing/Stealing073_x264.mp4,Stealing073_x264.mp4,anomaly,Stealing,Stealing/Stealing073_x264.mp4,/content/drive/MyDrive/Anomaly-Videos-Part-1/Anomaly-Videos-Part-1,,mp4,9604949,50.8,30.0,319,240,1524,True,
anomaly/Stealing/Stealing074_x264.mp4,Stealing074_x264.mp4,anomaly,Stealing,Stealing/Stealing074_x264.mp4,/content/drive/MyDrive/Anomaly-Videos-Part-1/Anomaly-Videos-Part-1,,mp4,20053130,80.0,30.0,320,240,2400,True,
anomaly/Stealing/Stealing075_x264.mp4,Stealing075_x264.mp4,anomaly,Stealing,Stealing/Stealing075_x264.mp4,/content/drive/MyDrive/Anomaly-Videos-Part-1/Anomaly-Videos-Part-1,,mp4,35390323,187.467,30.0,320,240,5624,True,
anomaly/Stealing/Stealing077_x264.mp4,Stealing077_x264.mp4,anomaly,Stealing,Stealing/Stealing077_x264.mp4,/content/drive/MyDrive/Anomaly-Videos-Part-1/Anomaly-Videos-Part-1,,mp4,161124126,639.5,30.0,319,240,19185,True,
anomaly/Stealing/Stealing078_x264.mp4,Stealing078_x264.mp4,anomaly,Stealing,Stealing/Stealing078_x264.mp4,/content/drive/MyDrive/Anomaly-Videos-Part-1/Anomaly-Videos-Part-1,,mp4,13340306,86.2,30.0,320,240,2586,True,
anomaly/Stealing/Stealing079_x264.mp4,Stealing079_x264.mp4,anomaly,Stealing,Stealing/Stealing079_x264.mp4,/content/drive/MyDrive/Anomaly-Videos-Part-1/Anomaly-Videos-Part-1,,mp4,39101614,194.867,30.0,319,240,5846,True,
anomaly/Stealing/Stealing080_x264.mp4,Stealing080_x264.mp4,anomaly,Stealing,Stealing/Stealing080_x264.mp4,/content/drive/MyDrive/Anomaly-Videos-Part-1/Anomaly-Videos-Part-1,,mp4,8695557,35.2,30.0,320,240,1056,True,
anomaly/Stealing/Stealing081_x264.mp4,Stealing081_x264.mp4,anomaly,Stealing,Stealing/Stealing081_x264.mp4,/content/drive/MyDrive/Anomaly-Videos-Part-1/Anomaly-Videos-Part-1,,mp4,10431083,41.967,30.0,320,240,1259,True,
anomaly/Stealing/Stealing082_x264.mp4,Stealing082_x264.mp4,anomaly,Stealing,Stealing/Stealing082_x264.mp4,/content/drive/MyDrive/Anomaly-Videos-Part-1/Anomaly-Videos-Part-1,,mp4,6491278,56.1,30.0,320,240,1683,True,
anomaly/Stealing/Stealing083_x264.mp4,Stealing083_x264.mp4,anomaly,Stealing,Stealing/Stealing083_x264.mp4,/content/drive/MyDrive/Anomaly-Videos-Part-1/Anomaly-Videos-Part-1,,mp4,34825173,150.2,30.0,319,240,4506,True,
anomaly/Stealing/Stealing084_x264.mp4,Stealing084_x264.mp4,anomaly,Stealing,Stealing/Stealing084_x264.mp4,/content/drive/MyDrive/Anomaly-Videos-Part-1/Anomaly-Videos-Part-1,,mp4,84029362,524.3,30.0,320,240,15729,True,
anomaly/Stealing/Stealing086_x264.mp4,Stealing086_x264.mp4,anomaly,Stealing,Stealing/Stealing086_x264.mp4,/content/drive/MyDrive/Anomaly-Videos-Part-1/Anomaly-Videos-Part-1,,mp4,149065414,604.867,30.0,319,240,18146,True,
anomaly/Stealing/Stealing087_x264.mp4,Stealing087_x264.mp4,anomaly,Stealing,Stealing/Stealing087_x264.mp4,/content/drive/MyDrive/Anomaly-Videos-Part-1/Anomaly-Videos-Part-1,,mp4,39166805,164.6,30.0,320,240,4938,True,
anomaly/Stealing/Stealing088_x264.mp4,Stealing088_x264.mp4,anomaly,Stealing,Stealing/Stealing088_x264.mp4,/content/drive/MyDrive/Anomaly-Videos-Part-1/Anomaly-Videos-Part-1,,mp4,56986366,428.5,30.0,320,240,12855,True,
anomaly/Stealing/Stealing089_x264.mp4,Stealing089_x264.mp4,anomaly,Stealing,Stealing/Stealing089_x264.mp4,/content/drive/MyDrive/Anomaly-Videos-Part-1/Anomaly-Videos-Part-1,,mp4,48665990,431.467,30.0,319,240,12944,True,
anomaly/Stealing/Stealing091_x264.mp4,Stealing091_x264.mp4,anomaly,Stealing,Stealing/Stealing091_x264.mp4,/content/drive/MyDrive/Anomaly-Videos-Part-1/Anomaly-Videos-Part-1,,mp4,3319699,19.967,30.0,320,240,599,True,
anomaly/Stealing/Stealing092_x264.mp4,Stealing092_x264.mp4,anomaly,Stealing,Stealing/Stealing092_x264.mp4,/content/drive/MyDrive/Anomaly-Videos-Part-1/Anomaly-Videos-Part-1,,mp4,113528767,451.367,30.0,320,240,13541,True,
anomaly/Stealing/Stealing093_x264.mp4,Stealing093_x264.mp4,anomaly,Stealing,Stealing/Stealing093_x264.mp4,/content/drive/MyDrive/Anomaly-Videos-Part-1/Anomaly-Videos-Part-1,,mp4,6143451,40.967,30.0,319,240,1229,True,
anomaly/Stealing/Stealing094_x264.mp4,Stealing094_x264.mp4,anomaly,Stealing,Stealing/Stealing094_x264.mp4,/content/drive/MyDrive/Anomaly-Videos-Part-1/Anomaly-Videos-Part-1,,mp4,5456444,129.967,30.0,319,240,3899,True,
anomaly/Stealing/Stealing095_x264.mp4,Stealing095_x264.mp4,anomaly,Stealing,Stealing/Stealing095_x264.mp4,/content/drive/MyDrive/Anomaly-Videos-Part-1/Anomaly-Videos-Part-1,,mp4,3312688,25.033,30.0,319,240,751,True,
anomaly/Stealing/Stealing096_x264.mp4,Stealing096_x264.mp4,anomaly,Stealing,Stealing/Stealing096_x264.mp4,/content/drive/MyDrive/Anomaly-Videos-Part-1/Anomaly-Videos-Part-1,,mp4,55293676,220.267,30.0,319,240,6608,True,
anomaly/Stealing/Stealing097_x264.mp4,Stealing097_x264.mp4,anomaly,Stealing,Stealing/Stealing097_x264.mp4,/content/drive/MyDrive/Anomaly-Videos-Part-1/Anomaly-Videos-Part-1,,mp4,9392302,38.333,30.0,320,240,1150,True,
anomaly/Stealing/Stealing098_x264.mp4,Stealing098_x264.mp4,anomaly,Stealing,Stealing/Stealing098_x264.mp4,/content/drive/MyDrive/Anomaly-Videos-Part-1/Anomaly-Videos-Part-1,,mp4,29678341,115.567,30.0,320,240,3467,True,
anomaly/Stealing/Stealing100_x264.mp4,Stealing100_x264.mp4,anomaly,Stealing,Stealing/Stealing100_x264.mp4,/content/drive/MyDrive/Anomaly-Videos-Part-1/Anomaly-Videos-Part-1,,mp4,99548339,511.867,30.0,320,240,15356,True,
anomaly/Stealing/Stealing101_x264.mp4,Stealing101_x264.mp4,anomaly,Stealing,Stealing/Stealing101_x264.mp4,/content/drive/MyDrive/Anomaly-Videos-Part-1/Anomaly-Videos-Part-1,,mp4,11542267,84.8,30.0,320,240,2544,True,
anomaly/Stealing/Stealing102_x264.mp4,Stealing102_x264.mp4,anomaly,Stealing,Stealing/Stealing102_x264.mp4,/content/drive/MyDrive/Anomaly-Videos-Part-1/Anomaly-Videos-Part-1,,mp4,7269488,41.033,30.0,319,240,1231,True,
anomaly/Stealing/Stealing103_x264.mp4,Stealing103_x264.mp4,anomaly,Stealing,Stealing/Stealing103_x264.mp4,/content/drive/MyDrive/Anomaly-Videos-Part-1/Anomaly-Videos-Part-1,,mp4,34573205,202.567,30.0,320,240,6077,True,
anomaly/Stealing/Stealing104_x264.mp4,Stealing104_x264.mp4,anomaly,Stealing,Stealing/Stealing104_x264.mp4,/content/drive/MyDrive/Anomaly-Videos-Part-1/Anomaly-Videos-Part-1,,mp4,15137240,105.033,30.0,320,240,3151,True,
anomaly/Stealing/Stealing105_x264.mp4,Stealing105_x264.mp4,anomaly,Stealing,Stealing/Stealing105_x264.mp4,/content/drive/MyDrive/Anomaly-Videos-Part-1/Anomaly-Videos-Part-1,,mp4,9296599,37.267,30.0,319,240,1118,True,
anomaly/Stealing/Stealing106_x264.mp4,Stealing106_x264.mp4,anomaly,Stealing,Stealing/Stealing106_x264.mp4,/content/drive/MyDrive/Anomaly-Videos-Part-1/Anomaly-Videos-Part-1,,mp4,7576871,47.7,30.0,320,240,1431,True,
anomaly/Stealing/Stealing107_x264.mp4,Stealing107_x264.mp4,anomaly,Stealing,Stealing/Stealing107_x264.mp4,/content/drive/MyDrive/Anomaly-Videos-Part-1/Anomaly-Videos-Part-1,,mp4,35531725,150.0,30.0,319,240,4500,True,
anomaly/Stealing/Stealing108_x264.mp4,Stealing108_x264.mp4,anomaly,Stealing,Stealing/Stealing108_x264.mp4,/content/drive/MyDrive/Anomaly-Videos-Part-1/Anomaly-Videos-Part-1,,mp4,14974030,132.233,30.0,320,240,3967,True,
anomaly/Stealing/Stealing109_x264.mp4,Stealing109_x264.mp4,anomaly,Stealing,Stealing/Stealing109_x264.mp4,/content/drive/MyDrive/Anomaly-Videos-Part-1/Anomaly-Videos-Part-1,,mp4,42553734,315.1,30.0,319,240,9453,True,
anomaly/Stealing/Stealing110_x264.mp4,Stealing110_x264.mp4,anomaly,Stealing,Stealing/Stealing110_x264.mp4,/content/drive/MyDrive/Anomaly-Videos-Part-1/Anomaly-Videos-Part-1,,mp4,13966154,58.4,30.0,320,240,1752,True,
anomaly/Stealing/Stealing111_x264.mp4,Stealing111_x264.mp4,anomaly,Stealing,Stealing/Stealing111_x264.mp4,/content/drive/MyDrive/Anomaly-Videos-Part-1/Anomaly-Videos-Part-1,,mp4,19016036,157.067,30.0,320,240,4712,True,
anomaly/Stealing/Stealing112_x264.mp4,Stealing112_x264.mp4,anomaly,Stealing,Stealing/Stealing112_x264.mp4,/content/drive/MyDrive/Anomaly-Videos-Part-1/Anomaly-Videos-Part-1,,mp4,17363914,70.033,30.0,319,240,2101,True,
anomaly/Stealing/Stealing113_x264.mp4,Stealing113_x264.mp4,anomaly,Stealing,Stealing/Stealing113_x264.mp4,/content/drive/MyDrive/Anomaly-Videos-Part-1/Anomaly-Videos-Part-1,,mp4,10843881,52.633,30.0,320,240,1579,True,
anomaly/Stealing/Stealing114_x264.mp4,Stealing114_x264.mp4,anomaly,Stealing,Stealing/Stealing114_x264.mp4,/content/drive/MyDrive/Anomaly-Videos-Part-1/Anomaly-Videos-Part-1,,mp4,5474813,40.567,30.0,320,240,1217,True,
anomaly/Vandalism/Vandalism001_x264.mp4,Vandalism001_x264.mp4,anomaly,Vandalism,Vandalism/Vandalism001_x264.mp4,/content/drive/MyDrive/Anomaly-Videos-Part-1/Anomaly-Videos-Part-1,,mp4,12613784,47.8,30.0,320,240,1434,True,
anomaly/Vandalism/Vandalism002_x264.mp4,Vandalism002_x264.mp4,anomaly,Vandalism,Vandalism/Vandalism002_x264.mp4,/content/drive/MyDrive/Anomaly-Videos-Part-1/Anomaly-Videos-Part-1,,mp4,11932614,61.367,30.0,320,240,1841,True,
anomaly/Vandalism/Vandalism003_x264.mp4,Vandalism003_x264.mp4,anomaly,Vandalism,Vandalism/Vandalism003_x264.mp4,/content/drive/MyDrive/Anomaly-Videos-Part-1/Anomaly-Videos-Part-1,,mp4,11909726,48.967,30.0,319,240,1469,True,
anomaly/Vandalism/Vandalism004_x264.mp4,Vandalism004_x264.mp4,anomaly,Vandalism,Vandalism/Vandalism004_x264.mp4,/content/drive/MyDrive/Anomaly-Videos-Part-1/Anomaly-Videos-Part-1,,mp4,20888125,94.0,30.0,320,240,2820,True,
anomaly/Vandalism/Vandalism005_x264.mp4,Vandalism005_x264.mp4,anomaly,Vandalism,Vandalism/Vandalism005_x264.mp4,/content/drive/MyDrive/Anomaly-Videos-Part-1/Anomaly-Videos-Part-1,,mp4,4004457,54.133,30.0,320,240,1624,True,
anomaly/Vandalism/Vandalism006_x264.mp4,Vandalism006_x264.mp4,anomaly,Vandalism,Vandalism/Vandalism006_x264.mp4,/content/drive/MyDrive/Anomaly-Videos-Part-1/Anomaly-Videos-Part-1,,mp4,2851411,27.033,30.0,319,240,811,True,
anomaly/Vandalism/Vandalism007_x264.mp4,Vandalism007_x264.mp4,anomaly,Vandalism,Vandalism/Vandalism007_x264.mp4,/content/drive/MyDrive/Anomaly-Videos-Part-1/Anomaly-Videos-Part-1,,mp4,6438979,38.2,30.0,320,240,1146,True,
anomaly/Vandalism/Vandalism008_x264.mp4,Vandalism008_x264.mp4,anomaly,Vandalism,Vandalism/Vandalism008_x264.mp4,/content/drive/MyDrive/Anomaly-Videos-Part-1/Anomaly-Videos-Part-1,,mp4,105730382,419.633,30.0,319,240,12589,True,
anomaly/Vandalism/Vandalism009_x264.mp4,Vandalism009_x264.mp4,anomaly,Vandalism,Vandalism/Vandalism009_x264.mp4,/content/drive/MyDrive/Anomaly-Videos-Part-1/Anomaly-Videos-Part-1,,mp4,13056414,44.267,30.0,320,240,1328,True,
anomaly/Vandalism/Vandalism010_x264.mp4,Vandalism010_x264.mp4,anomaly,Vandalism,Vandalism/Vandalism010_x264.mp4,/content/drive/MyDrive/Anomaly-Videos-Part-1/Anomaly-Videos-Part-1,,mp4,26048852,131.5,30.0,320,240,3945,True,
anomaly/Vandalism/Vandalism011_x264.mp4,Vandalism011_x264.mp4,anomaly,Vandalism,Vandalism/Vandalism011_x264.mp4,/content/drive/MyDrive/Anomaly-Videos-Part-1/Anomaly-Videos-Part-1,,mp4,105639507,414.967,30.0,318,240,12449,True,
anomaly/Vandalism/Vandalism012_x264.mp4,Vandalism012_x264.mp4,anomaly,Vandalism,Vandalism/Vandalism012_x264.mp4,/content/drive/MyDrive/Anomaly-Videos-Part-1/Anomaly-Videos-Part-1,,mp4,4538368,28.167,30.0,320,240,845,True,
anomaly/Vandalism/Vandalism013_x264.mp4,Vandalism013_x264.mp4,anomaly,Vandalism,Vandalism/Vandalism013_x264.mp4,/content/drive/MyDrive/Anomaly-Videos-Part-1/Anomaly-Videos-Part-1,,mp4,8927895,79.3,30.0,320,240,2379,True,
anomaly/Vandalism/Vandalism014_x264.mp4,Vandalism014_x264.mp4,anomaly,Vandalism,Vandalism/Vandalism014_x264.mp4,/content/drive/MyDrive/Anomaly-Videos-Part-1/Anomaly-Videos-Part-1,,mp4,3448045,14.3,30.0,320,240,429,True,
anomaly/Vandalism/Vandalism015_x264.mp4,Vandalism015_x264.mp4,anomaly,Vandalism,Vandalism/Vandalism015_x264.mp4,/content/drive/MyDrive/Anomaly-Videos-Part-1/Anomaly-Videos-Part-1,,mp4,14779363,99.4,30.0,320,240,2982,True,
anomaly/Vandalism/Vandalism016_x264.mp4,Vandalism016_x264.mp4,anomaly,Vandalism,Vandalism/Vandalism016_x264.mp4,/content/drive/MyDrive/Anomaly-Videos-Part-1/Anomaly-Videos-Part-1,,mp4,18004365,193.667,30.0,320,240,5810,True,
anomaly/Vandalism/Vandalism017_x264.mp4,Vandalism017_x264.mp4,anomaly,Vandalism,Vandalism/Vandalism017_x264.mp4,/content/drive/MyDrive/Anomaly-Videos-Part-1/Anomaly-Videos-Part-1,,mp4,8141627,33.7,30.0,319,240,1011,True,
anomaly/Vandalism/Vandalism018_x264.mp4,Vandalism018_x264.mp4,anomaly,Vandalism,Vandalism/Vandalism018_x264.mp4,/content/drive/MyDrive/Anomaly-Videos-Part-1/Anomaly-Videos-Part-1,,mp4,28559317,185.233,30.0,320,240,5557,True,
anomaly/Vandalism/Vandalism019_x264.mp4,Vandalism019_x264.mp4,anomaly,Vandalism,Vandalism/Vandalism019_x264.mp4,/content/drive/MyDrive/Anomaly-Videos-Part-1/Anomaly-Videos-Part-1,,mp4,6385910,68.233,30.0,320,240,2047,True,
anomaly/Vandalism/Vandalism020_x264.mp4,Vandalism020_x264.mp4,anomaly,Vandalism,Vandalism/Vandalism020_x264.mp4,/content/drive/MyDrive/Anomaly-Videos-Part-1/Anomaly-Videos-Part-1,,mp4,8759019,48.233,30.0,320,240,1447,True,
anomaly/Vandalism/Vandalism021_x264.mp4,Vandalism021_x264.mp4,anomaly,Vandalism,Vandalism/Vandalism021_x264.mp4,/content/drive/MyDrive/Anomaly-Videos-Part-1/Anomaly-Videos-Part-1,,mp4,10559560,45.4,30.0,319,240,1362,True,
anomaly/Vandalism/Vandalism022_x264.mp4,Vandalism022_x264.mp4,anomaly,Vandalism,Vandalism/Vandalism022_x264.mp4,/content/drive/MyDrive/Anomaly-Videos-Part-1/Anomaly-Videos-Part-1,,mp4,28797155,131.067,30.0,320,240,3932,True,
anomaly/Vandalism/Vandalism023_x264.mp4,Vandalism023_x264.mp4,anomaly,Vandalism,Vandalism/Vandalism023_x264.mp4,/content/drive/MyDrive/Anomaly-Videos-Part-1/Anomaly-Videos-Part-1,,mp4,52805336,210.033,30.0,320,240,6301,True,
anomaly/Vandalism/Vandalism024_x264.mp4,Vandalism024_x264.mp4,anomaly,Vandalism,Vandalism/Vandalism024_x264.mp4,/content/drive/MyDrive/Anomaly-Videos-Part-1/Anomaly-Videos-Part-1,,mp4,8759602,33.467,30.0,320,240,1004,True,
anomaly/Vandalism/Vandalism025_x264.mp4,Vandalism025_x264.mp4,anomaly,Vandalism,Vandalism/Vandalism025_x264.mp4,/content/drive/MyDrive/Anomaly-Videos-Part-1/Anomaly-Videos-Part-1,,mp4,35167835,143.467,30.0,320,240,4304,True,
anomaly/Vandalism/Vandalism026_x264.mp4,Vandalism026_x264.mp4,anomaly,Vandalism,Vandalism/Vandalism026_x264.mp4,/content/drive/MyDrive/Anomaly-Videos-Part-1/Anomaly-Videos-Part-1,,mp4,2801880,32.3,30.0,319,240,969,True,
anomaly/Vandalism/Vandalism027_x264.mp4,Vandalism027_x264.mp4,anomaly,Vandalism,Vandalism/Vandalism027_x264.mp4,/content/drive/MyDrive/Anomaly-Videos-Part-1/Anomaly-Videos-Part-1,,mp4,3983372,23.367,30.0,320,240,701,True,
anomaly/Vandalism/Vandalism028_x264.mp4,Vandalism028_x264.mp4,anomaly,Vandalism,Vandalism/Vandalism028_x264.mp4,/content/drive/MyDrive/Anomaly-Videos-Part-1/Anomaly-Videos-Part-1,,mp4,29146340,149.833,30.0,319,240,4495,True,
anomaly/Vandalism/Vandalism029_x264.mp4,Vandalism029_x264.mp4,anomaly,Vandalism,Vandalism/Vandalism029_x264.mp4,/content/drive/MyDrive/Anomaly-Videos-Part-1/Anomaly-Videos-Part-1,,mp4,4388463,15.2,30.0,320,240,456,True,
anomaly/Vandalism/Vandalism030_x264.mp4,Vandalism030_x264.mp4,anomaly,Vandalism,Vandalism/Vandalism030_x264.mp4,/content/drive/MyDrive/Anomaly-Videos-Part-1/Anomaly-Videos-Part-1,,mp4,12509606,47.9,30.0,320,240,1437,True,
anomaly/Vandalism/Vandalism031_x264.mp4,Vandalism031_x264.mp4,anomaly,Vandalism,Vandalism/Vandalism031_x264.mp4,/content/drive/MyDrive/Anomaly-Videos-Part-1/Anomaly-Videos-Part-1,,mp4,12715979,59.967,30.0,320,240,1799,True,
anomaly/Vandalism/Vandalism032_x264.mp4,Vandalism032_x264.mp4,anomaly,Vandalism,Vandalism/Vandalism032_x264.mp4,/content/drive/MyDrive/Anomaly-Videos-Part-1/Anomaly-Videos-Part-1,,mp4,1862112,22.467,30.0,320,240,674,True,
anomaly/Vandalism/Vandalism033_x264.mp4,Vandalism033_x264.mp4,anomaly,Vandalism,Vandalism/Vandalism033_x264.mp4,/content/drive/MyDrive/Anomaly-Videos-Part-1/Anomaly-Videos-Part-1,,mp4,18562596,75.5,30.0,320,240,2265,True,
anomaly/Vandalism/Vandalism034_x264.mp4,Vandalism034_x264.mp4,anomaly,Vandalism,Vandalism/Vandalism034_x264.mp4,/content/drive/MyDrive/Anomaly-Videos-Part-1/Anomaly-Videos-Part-1,,mp4,14920029,58.533,30.0,319,240,1756,True,
anomaly/Vandalism/Vandalism035_x264.mp4,Vandalism035_x264.mp4,anomaly,Vandalism,Vandalism/Vandalism035_x264.mp4,/content/drive/MyDrive/Anomaly-Videos-Part-1/Anomaly-Videos-Part-1,,mp4,6973623,39.6,30.0,319,240,1188,True,
anomaly/Vandalism/Vandalism036_x264.mp4,Vandalism036_x264.mp4,anomaly,Vandalism,Vandalism/Vandalism036_x264.mp4,/content/drive/MyDrive/Anomaly-Videos-Part-1/Anomaly-Videos-Part-1,,mp4,12571255,48.1,30.0,320,240,1443,True,
anomaly/Vandalism/Vandalism037_x264.mp4,Vandalism037_x264.mp4,anomaly,Vandalism,Vandalism/Vandalism037_x264.mp4,/content/drive/MyDrive/Anomaly-Videos-Part-1/Anomaly-Videos-Part-1,,mp4,20631904,100.633,30.0,320,240,3019,True,
anomaly/Vandalism/Vandalism038_x264.mp4,Vandalism038_x264.mp4,anomaly,Vandalism,Vandalism/Vandalism038_x264.mp4,/content/drive/MyDrive/Anomaly-Videos-Part-1/Anomaly-Videos-Part-1,,mp4,8194534,94.167,30.0,320,240,2825,True,
anomaly/Vandalism/Vandalism039_x264.mp4,Vandalism039_x264.mp4,anomaly,Vandalism,Vandalism/Vandalism039_x264.mp4,/content/drive/MyDrive/Anomaly-Videos-Part-1/Anomaly-Videos-Part-1,,mp4,3352158,29.967,30.0,320,240,899,True,
anomaly/Vandalism/Vandalism040_x264.mp4,Vandalism040_x264.mp4,anomaly,Vandalism,Vandalism/Vandalism040_x264.mp4,/content/drive/MyDrive/Anomaly-Videos-Part-1/Anomaly-Videos-Part-1,,mp4,7219715,34.567,30.0,320,240,1037,True,
anomaly/Vandalism/Vandalism041_x264.mp4,Vandalism041_x264.mp4,anomaly,Vandalism,Vandalism/Vandalism041_x264.mp4,/content/drive/MyDrive/Anomaly-Videos-Part-1/Anomaly-Videos-Part-1,,mp4,37129390,162.267,30.0,320,240,4868,True,
anomaly/Vandalism/Vandalism042_x264.mp4,Vandalism042_x264.mp4,anomaly,Vandalism,Vandalism/Vandalism042_x264.mp4,/content/drive/MyDrive/Anomaly-Videos-Part-1/Anomaly-Videos-Part-1,,mp4,29322133,119.867,30.0,320,240,3596,True,
anomaly/Vandalism/Vandalism043_x264.mp4,Vandalism043_x264.mp4,anomaly,Vandalism,Vandalism/Vandalism043_x264.mp4,/content/drive/MyDrive/Anomaly-Videos-Part-1/Anomaly-Videos-Part-1,,mp4,19590300,108.1,30.0,320,240,3243,True,
anomaly/Vandalism/Vandalism044_x264.mp4,Vandalism044_x264.mp4,anomaly,Vandalism,Vandalism/Vandalism044_x264.mp4,/content/drive/MyDrive/Anomaly-Videos-Part-1/Anomaly-Videos-Part-1,,mp4,28183127,153.5,30.0,320,240,4605,True,
anomaly/Vandalism/Vandalism045_x264.mp4,Vandalism045_x264.mp4,anomaly,Vandalism,Vandalism/Vandalism045_x264.mp4,/content/drive/MyDrive/Anomaly-Videos-Part-1/Anomaly-Videos-Part-1,,mp4,36631646,145.267,30.0,320,240,4358,True,
anomaly/Vandalism/Vandalism046_x264.mp4,Vandalism046_x264.mp4,anomaly,Vandalism,Vandalism/Vandalism046_x264.mp4,/content/drive/MyDrive/Anomaly-Videos-Part-1/Anomaly-Videos-Part-1,,mp4,17499437,69.967,30.0,320,240,2099,True,
anomaly/Vandalism/Vandalism047_x264.mp4,Vandalism047_x264.mp4,anomaly,Vandalism,Vandalism/Vandalism047_x264.mp4,/content/drive/MyDrive/Anomaly-Videos-Part-1/Anomaly-Videos-Part-1,,mp4,10915044,82.767,30.0,320,240,2483,True,
anomaly/Vandalism/Vandalism048_x264.mp4,Vandalism048_x264.mp4,anomaly,Vandalism,Vandalism/Vandalism048_x264.mp4,/content/drive/MyDrive/Anomaly-Videos-Part-1/Anomaly-Videos-Part-1,,mp4,57411745,239.433,30.0,320,240,7183,True,
anomaly/Vandalism/Vandalism049_x264.mp4,Vandalism049_x264.mp4,anomaly,Vandalism,Vandalism/Vandalism049_x264.mp4,/content/drive/MyDrive/Anomaly-Videos-Part-1/Anomaly-Videos-Part-1,,mp4,67383857,266.633,30.0,320,240,7999,True,
anomaly/Vandalism/Vandalism050_x264.mp4,Vandalism050_x264.mp4,anomaly,Vandalism,Vandalism/Vandalism050_x264.mp4,/content/drive/MyDrive/Anomaly-Videos-Part-1/Anomaly-Videos-Part-1,,mp4,7327172,29.967,30.0,320,240,899,True,
normal/Normal_Videos_015_x264.mp4,Normal_Videos_015_x264.mp4,normal,Normal,Normal_Videos_015_x264.mp4,/content/drive/MyDrive/Normal_Videos_for_Event_Recognition/Normal_Videos_for_Event_Recognition,,mp4,2895415,16.0,30.0,320,240,480,True,
normal/Normal_Videos_050_x264.mp4,Normal_Videos_050_x264.mp4,normal,Normal,Normal_Videos_050_x264.mp4,/content/drive/MyDrive/Normal_Videos_for_Event_Recognition/Normal_Videos_for_Event_Recognition,,mp4,35883996,139.933,30.0,320,240,4198,True,
normal/Normal_Videos_100_x264.mp4,Normal_Videos_100_x264.mp4,normal,Normal,Normal_Videos_100_x264.mp4,/content/drive/MyDrive/Normal_Videos_for_Event_Recognition/Normal_Videos_for_Event_Recognition,,mp4,5832425,20.9,30.0,320,240,627,True,
normal/Normal_Videos_129_x264.mp4,Normal_Videos_129_x264.mp4,normal,Normal,Normal_Videos_129_x264.mp4,/content/drive/MyDrive/Normal_Videos_for_Event_Recognition/Normal_Videos_for_Event_Recognition,,mp4,3736953,15.567,30.0,320,240,467,True,
normal/Normal_Videos_150_x264.mp4,Normal_Videos_150_x264.mp4,normal,Normal,Normal_Videos_150_x264.mp4,/content/drive/MyDrive/Normal_Videos_for_Event_Recognition/Normal_Videos_for_Event_Recognition,,mp4,7315607,28.8,30.0,320,240,864,True,
normal/Normal_Videos_246_x264.mp4,Normal_Videos_246_x264.mp4,normal,Normal,Normal_Videos_246_x264.mp4,/content/drive/MyDrive/Normal_Videos_for_Event_Recognition/Normal_Videos_for_Event_Recognition,,mp4,43167382,166.433,30.0,320,240,4993,True,
normal/Normal_Videos_247_x264.mp4,Normal_Videos_247_x264.mp4,normal,Normal,Normal_Videos_247_x264.mp4,/content/drive/MyDrive/Normal_Videos_for_Event_Recognition/Normal_Videos_for_Event_Recognition,,mp4,72072798,273.7,30.0,320,240,8211,True,
normal/Normal_Videos_248_x264.mp4,Normal_Videos_248_x264.mp4,normal,Normal,Normal_Videos_248_x264.mp4,/content/drive/MyDrive/Normal_Videos_for_Event_Recognition/Normal_Videos_for_Event_Recognition,,mp4,10198556,38.0,30.0,320,240,1140,True,
normal/Normal_Videos_251_x264.mp4,Normal_Videos_251_x264.mp4,normal,Normal,Normal_Videos_251_x264.mp4,/content/drive/MyDrive/Normal_Videos_for_Event_Recognition/Normal_Videos_for_Event_Recognition,,mp4,2744553,13.5,30.0,319,240,405,True,
normal/Normal_Videos_289_x264.mp4,Normal_Videos_289_x264.mp4,normal,Normal,Normal_Videos_289_x264.mp4,/content/drive/MyDrive/Normal_Videos_for_Event_Recognition/Normal_Videos_for_Event_Recognition,,mp4,7181133,28.767,30.0,319,240,863,True,
normal/Normal_Videos_310_x264.mp4,Normal_Videos_310_x264.mp4,normal,Normal,Normal_Videos_310_x264.mp4,/content/drive/MyDrive/Normal_Videos_for_Event_Recognition/Normal_Videos_for_Event_Recognition,,mp4,21904576,83.933,30.0,320,240,2518,True,
normal/Normal_Videos_312_x264.mp4,Normal_Videos_312_x264.mp4,normal,Normal,Normal_Videos_312_x264.mp4,/content/drive/MyDrive/Normal_Videos_for_Event_Recognition/Normal_Videos_for_Event_Recognition,,mp4,11319887,42.033,30.0,320,240,1261,True,
normal/Normal_Videos_317_x264.mp4,Normal_Videos_317_x264.mp4,normal,Normal,Normal_Videos_317_x264.mp4,/content/drive/MyDrive/Normal_Videos_for_Event_Recognition/Normal_Videos_for_Event_Recognition,,mp4,8176693,30.967,30.0,320,240,929,True,
normal/Normal_Videos_345_x264.mp4,Normal_Videos_345_x264.mp4,normal,Normal,Normal_Videos_345_x264.mp4,/content/drive/MyDrive/Normal_Videos_for_Event_Recognition/Normal_Videos_for_Event_Recognition,,mp4,850740,6.967,30.0,320,240,209,True,
normal/Normal_Videos_352_x264.mp4,Normal_Videos_352_x264.mp4,normal,Normal,Normal_Videos_352_x264.mp4,/content/drive/MyDrive/Normal_Videos_for_Event_Recognition/Normal_Videos_for_Event_Recognition,,mp4,36296760,180.1,30.0,320,240,5403,True,
normal/Normal_Videos_360_x264.mp4,Normal_Videos_360_x264.mp4,normal,Normal,Normal_Videos_360_x264.mp4,/content/drive/MyDrive/Normal_Videos_for_Event_Recognition/Normal_Videos_for_Event_Recognition,,mp4,8067853,32.8,30.0,320,240,984,True,
normal/Normal_Videos_365_x264.mp4,Normal_Videos_365_x264.mp4,normal,Normal,Normal_Videos_365_x264.mp4,/content/drive/MyDrive/Normal_Videos_for_Event_Recognition/Normal_Videos_for_Event_Recognition,,mp4,34450983,220.867,30.0,320,240,6626,True,
normal/Normal_Videos_401_x264.mp4,Normal_Videos_401_x264.mp4,normal,Normal,Normal_Videos_401_x264.mp4,/content/drive/MyDrive/Normal_Videos_for_Event_Recognition/Normal_Videos_for_Event_Recognition,,mp4,9789621,54.2,30.0,320,240,1626,True,
normal/Normal_Videos_417_x264.mp4,Normal_Videos_417_x264.mp4,normal,Normal,Normal_Videos_417_x264.mp4,/content/drive/MyDrive/Normal_Videos_for_Event_Recognition/Normal_Videos_for_Event_Recognition,,mp4,8937420,35.9,30.0,320,240,1077,True,
normal/Normal_Videos_439_x264.mp4,Normal_Videos_439_x264.mp4,normal,Normal,Normal_Videos_439_x264.mp4,/content/drive/MyDrive/Normal_Videos_for_Event_Recognition/Normal_Videos_for_Event_Recognition,,mp4,36377506,140.867,30.0,320,240,4226,True,
normal/Normal_Videos_452_x264.mp4,Normal_Videos_452_x264.mp4,normal,Normal,Normal_Videos_452_x264.mp4,/content/drive/MyDrive/Normal_Videos_for_Event_Recognition/Normal_Videos_for_Event_Recognition,,mp4,3650977,14.767,30.0,318,240,443,True,
normal/Normal_Videos_453_x264.mp4,Normal_Videos_453_x264.mp4,normal,Normal,Normal_Videos_453_x264.mp4,/content/drive/MyDrive/Normal_Videos_for_Event_Recognition/Normal_Videos_for_Event_Recognition,,mp4,44955718,177.4,30.0,320,240,5322,True,
normal/Normal_Videos_478_x264.mp4,Normal_Videos_478_x264.mp4,normal,Normal,Normal_Videos_478_x264.mp4,/content/drive/MyDrive/Normal_Videos_for_Event_Recognition/Normal_Videos_for_Event_Recognition,,mp4,37461209,150.067,30.0,320,240,4502,True,
normal/Normal_Videos_576_x264.mp4,Normal_Videos_576_x264.mp4,normal,Normal,Normal_Videos_576_x264.mp4,/content/drive/MyDrive/Normal_Videos_for_Event_Recognition/Normal_Videos_for_Event_Recognition,,mp4,91492255,375.833,30.0,320,240,11275,True,
normal/Normal_Videos_597_x264.mp4,Normal_Videos_597_x264.mp4,normal,Normal,Normal_Videos_597_x264.mp4,/content/drive/MyDrive/Normal_Videos_for_Event_Recognition/Normal_Videos_for_Event_Recognition,,mp4,12944268,74.3,30.0,320,240,2229,True,
normal/Normal_Videos_603_x264.mp4,Normal_Videos_603_x264.mp4,normal,Normal,Normal_Videos_603_x264.mp4,/content/drive/MyDrive/Normal_Videos_for_Event_Recognition/Normal_Videos_for_Event_Recognition,,mp4,27878386,109.233,30.0,320,240,3277,True,
normal/Normal_Videos_606_x264.mp4,Normal_Videos_606_x264.mp4,normal,Normal,Normal_Videos_606_x264.mp4,/content/drive/MyDrive/Normal_Videos_for_Event_Recognition/Normal_Videos_for_Event_Recognition,,mp4,8522117,41.1,30.0,320,240,1233,True,
normal/Normal_Videos_621_x264.mp4,Normal_Videos_621_x264.mp4,normal,Normal,Normal_Videos_621_x264.mp4,/content/drive/MyDrive/Normal_Videos_for_Event_Recognition/Normal_Videos_for_Event_Recognition,,mp4,27720236,160.067,30.0,320,240,4802,True,
normal/Normal_Videos_634_x264.mp4,Normal_Videos_634_x264.mp4,normal,Normal,Normal_Videos_634_x264.mp4,/content/drive/MyDrive/Normal_Videos_for_Event_Recognition/Normal_Videos_for_Event_Recognition,,mp4,116338367,448.633,30.0,320,240,13459,True,
normal/Normal_Videos_641_x264.mp4,Normal_Videos_641_x264.mp4,normal,Normal,Normal_Videos_641_x264.mp4,/content/drive/MyDrive/Normal_Videos_for_Event_Recognition/Normal_Videos_for_Event_Recognition,,mp4,21361021,120.0,30.0,320,240,3600,True,
normal/Normal_Videos_656_x264.mp4,Normal_Videos_656_x264.mp4,normal,Normal,Normal_Videos_656_x264.mp4,/content/drive/MyDrive/Normal_Videos_for_Event_Recognition/Normal_Videos_for_Event_Recognition,,mp4,11775783,60.5,30.0,320,240,1815,True,
normal/Normal_Videos_696_x264.mp4,Normal_Videos_696_x264.mp4,normal,Normal,Normal_Videos_696_x264.mp4,/content/drive/MyDrive/Normal_Videos_for_Event_Recognition/Normal_Videos_for_Event_Recognition,,mp4,33065537,120.833,30.0,320,240,3625,True,
normal/Normal_Videos_704_x264.mp4,Normal_Videos_704_x264.mp4,normal,Normal,Normal_Videos_704_x264.mp4,/content/drive/MyDrive/Normal_Videos_for_Event_Recognition/Normal_Videos_for_Event_Recognition,,mp4,11191850,56.467,30.0,319,240,1694,True,
normal/Normal_Videos_722_x264.mp4,Normal_Videos_722_x264.mp4,normal,Normal,Normal_Videos_722_x264.mp4,/content/drive/MyDrive/Normal_Videos_for_Event_Recognition/Normal_Videos_for_Event_Recognition,,mp4,58710252,291.033,30.0,320,240,8731,True,
normal/Normal_Videos_745_x264.mp4,Normal_Videos_745_x264.mp4,normal,Normal,Normal_Videos_745_x264.mp4,/content/drive/MyDrive/Normal_Videos_for_Event_Recognition/Normal_Videos_for_Event_Recognition,,mp4,1914663,10.167,30.0,319,240,305,True,
normal/Normal_Videos_758_x264.mp4,Normal_Videos_758_x264.mp4,normal,Normal,Normal_Videos_758_x264.mp4,/content/drive/MyDrive/Normal_Videos_for_Event_Recognition/Normal_Videos_for_Event_Recognition,,mp4,13441725,52.967,30.0,320,240,1589,True,
normal/Normal_Videos_781_x264.mp4,Normal_Videos_781_x264.mp4,normal,Normal,Normal_Videos_781_x264.mp4,/content/drive/MyDrive/Normal_Videos_for_Event_Recognition/Normal_Videos_for_Event_Recognition,,mp4,32357980,132.5,30.0,320,240,3975,True,
normal/Normal_Videos_798_x264.mp4,Normal_Videos_798_x264.mp4,normal,Normal,Normal_Videos_798_x264.mp4,/content/drive/MyDrive/Normal_Videos_for_Event_Recognition/Normal_Videos_for_Event_Recognition,,mp4,51453665,200.033,30.0,320,240,6001,True,
normal/Normal_Videos_801_x264.mp4,Normal_Videos_801_x264.mp4,normal,Normal,Normal_Videos_801_x264.mp4,/content/drive/MyDrive/Normal_Videos_for_Event_Recognition/Normal_Videos_for_Event_Recognition,,mp4,24551459,91.467,30.0,320,240,2744,True,
normal/Normal_Videos_828_x264.mp4,Normal_Videos_828_x264.mp4,normal,Normal,Normal_Videos_828_x264.mp4,/content/drive/MyDrive/Normal_Videos_for_Event_Recognition/Normal_Videos_for_Event_Recognition,,mp4,7684429,31.0,30.0,320,240,930,True,
normal/Normal_Videos_831_x264.mp4,Normal_Videos_831_x264.mp4,normal,Normal,Normal_Videos_831_x264.mp4,/content/drive/MyDrive/Normal_Videos_for_Event_Recognition/Normal_Videos_for_Event_Recognition,,mp4,3456936,14.933,30.0,318,240,448,True,
normal/Normal_Videos_877_x264.mp4,Normal_Videos_877_x264.mp4,normal,Normal,Normal_Videos_877_x264.mp4,/content/drive/MyDrive/Normal_Videos_for_Event_Recognition/Normal_Videos_for_Event_Recognition,,mp4,35365565,334.167,30.0,320,240,10025,True,
normal/Normal_Videos_881_x264.mp4,Normal_Videos_881_x264.mp4,normal,Normal,Normal_Videos_881_x264.mp4,/content/drive/MyDrive/Normal_Videos_for_Event_Recognition/Normal_Videos_for_Event_Recognition,,mp4,533316,7.467,30.0,320,240,224,True,
normal/Normal_Videos_885_x264.mp4,Normal_Videos_885_x264.mp4,normal,Normal,Normal_Videos_885_x264.mp4,/content/drive/MyDrive/Normal_Videos_for_Event_Recognition/Normal_Videos_for_Event_Recognition,,mp4,2439900,15.8,30.0,320,240,474,True,
normal/Normal_Videos_892_x264.mp4,Normal_Videos_892_x264.mp4,normal,Normal,Normal_Videos_892_x264.mp4,/content/drive/MyDrive/Normal_Videos_for_Event_Recognition/Normal_Videos_for_Event_Recognition,,mp4,13819902,59.0,30.0,320,240,1770,True,
normal/Normal_Videos_905_x264.mp4,Normal_Videos_905_x264.mp4,normal,Normal,Normal_Videos_905_x264.mp4,/content/drive/MyDrive/Normal_Videos_for_Event_Recognition/Normal_Videos_for_Event_Recognition,,mp4,7725041,39.867,30.0,320,240,1196,True,
normal/Normal_Videos_912_x264.mp4,Normal_Videos_912_x264.mp4,normal,Normal,Normal_Videos_912_x264.mp4,/content/drive/MyDrive/Normal_Videos_for_Event_Recognition/Normal_Videos_for_Event_Recognition,,mp4,6497668,24.867,30.0,320,240,746,True,
normal/Normal_Videos_913_x264.mp4,Normal_Videos_913_x264.mp4,normal,Normal,Normal_Videos_913_x264.mp4,/content/drive/MyDrive/Normal_Videos_for_Event_Recognition/Normal_Videos_for_Event_Recognition,,mp4,6633239,20.3,30.0,320,240,609,True,
normal/Normal_Videos_914_x264.mp4,Normal_Videos_914_x264.mp4,normal,Normal,Normal_Videos_914_x264.mp4,/content/drive/MyDrive/Normal_Videos_for_Event_Recognition/Normal_Videos_for_Event_Recognition,,mp4,7205089,29.333,30.0,320,240,880,True,
normal/Normal_Videos_929_x264.mp4,Normal_Videos_929_x264.mp4,normal,Normal,Normal_Videos_929_x264.mp4,/content/drive/MyDrive/Normal_Videos_for_Event_Recognition/Normal_Videos_for_Event_Recognition,,mp4,3559854,30.8,30.0,320,240,924,True,
